Workbook

Sheet Patientenübersicht
A1: Spalte1 | B1: Name | C1: Geburtsdatum | D1: Scandatum | E1: Indikation | F1: Datum 2. FAPI PET/CT | G1: Datum 3. FAPI PET/CT | H1: Datum 4. FAPI PET/CT | I1: Datum 5. FAPI PET/CT | J1: Datum 6. FAPI PET/CT | K1: Datum 7. FAPI PET | L1: Datum 8. FAPI PET | M1: Datum 9. FAPI PET | N1: Datum 1. FDG PET | O1: Datum 2. FDG PET | P1: Ergebnis
A2: 103 | B2: Pietzsch, Michaela | C2: 28533 | D2: 09.03.2020 Spondylarthropathie
A3: 800 | B3: Gaal, Ronja | C3: 36731 | D3: 46368 | E3: Axiale Spondylarthropathie | F3: 46099 | G3: POLARIS
A4: 801 | B4: Unlütürk, aydan | C4: 32242 | D4: 46361 | E4: Axiale Spondylarthropathie | F4: 46099 | G4: POLARIS
A5: 875 | B5: Dülger, Göksel | C5: 23640 | D5: 46230 | E5: Unklare Pannikulitis | G5: Pannikulitis nur Flau FAPI positiv, Unklarer FAP positiver Fokus im rechten Obb
A6: 876 | B6: Schellmann, Nadine | C6: 31390 | D6: 46230 | E6: PsA | G6: unauffällig
A7: 874 | B7: Schlüter, Tim | C7: 30283 | D7: 46227 | E7: V.a. GvHD
A8: 872 | B8: Biermann-Jäckel, Ulrike | C8: 24654 | D8: 46223 | E8: Therapierefraktäre ILD | G8: LK mediastinal und epigastrisch, pulmonal nur flau FAPI positiv
A9: 869 | B9: Müller-Liesaus, Christine | C9: 30928 | D9: 46218 | E9: SSC | G9: Kräftig Bipulmonal
A10: 870 | B10: Brenner, Norbert | C10: 22232 | D10: 46218 | E10: NET Tumor vor RLT | G10: Kräftige FAPI Speicherung intratumoral, RLT als Therapieoption
A11: 871 | B11: Albad, Manal | C11: 31660 | D11: 46218 | E11: Polyarthralgien | G11: Myositisverdacht, einzelnen Sehnen im Fußbreich
A12: 867 | B12: Brendel,Reinhold | C12: 23900 | D12: 46213 | E12: IgG4 | G12: V.a. Pancreaskopf-CA, FDG aus Vorjahr negativ
A13: 868 | B13: Nase,Karin | C13: 21319 | D13: 46213 | E13: Ösophagus-CA | G13: Primarius und LK Filiae thorakal
A14: 865 | B14: Haas, Christian | C14: 25689 | D14: 46211 | E14: POLARIS, PsA | G14: V.a. sehenassoziiert in den Händen und Füßen
A15: 864 | B15: Baran, Bernd | C15: 25792 | D15: 46209 | E15: SpA externer Patient | G15: extern, mehrere Ansatzsehnen, v.a. Hände und Füße
A16: 863 | B16: Serexhe, Bernhard | C16: 18475 | D16: 46206 | E16: SSc unter Teclistamab | G16: Ausgeprägt bds. Pulmonal
A17: 866 | B17: Langer, Petra | C17: 28737 | D17: 46206 | E17: Endometriose | G17: Herd ventral des Uterus
A18: 861 | B18: Herdegen, Rainer | C18: 20663 | D18: 46202 | E18: Solitärer Fibröser Tumor Thorax | G18: Kräftige Anreicherung Pancreas, schwächer intratumoral
A19: 862 | B19: Barthelmes, Sandra | C19: 27696 | D19: 46202 | E19: Anti-Synthetase Syndrom
A20: 859 | B20: Müller, Artur | C20: 33610 | D20: 46199 | E20: SpA | G20: unauffällig, PET/MRT
A21: 860 | B21: Kainz, Karl | C21: 25024 | D21: 46199 | E21: Statin induzierte Myositis | G21: auffällig ischiocrurale Muskulatur
A22: 858 | B22: Meier, Christian | C22: 37204 | D22: 46197 | E22: SpA | G22: POLARIS, kräftig FAPI positive Sakroilitis
A23: 857 | B23: Fabrizius, Angelika | C23: 23242 | D23: 46195 | E23: Refrakträre Polyarthritis | G23: multifokale FAPI positive Gelenke, große und kleine Gelenke
A24: 853 | B24: Pickel-Schmitt, Margit | C24: 24864 | D24: 46192 | E24: RA unter MTX | G24: nur Hände und Ellenbogen, mehrere Gelenke betroffen, u.a. Olecranon rechts
A25: 854 | B25: Fichtner, Richard | C25: 24971 | D25: 46192 | E25: Seropostive RA | G25: extrem auffälliger Befund mit Befall Hände, Füße und deutlich Kniegelenk bds. Unklare Lymphadenopathie thorakal
A26: 855 | B26: Krause,Andrea | C26: 29551 | D26: 46192 | E26: Endometriose | G26: V.a. Herde pararektal
A27: 856 | B27: Florova, Martina | C27: 33493 | D27: 46192 | E27: Endometriose | G27: V.a. Herd parauterin
A28: 852 | B28: Kautny, Jürgen | C28: 23881 | D28: 46188 | E28: IgG4 Retorperitonealfibrose | G28: unauffällig
A29: 849 | B29: Satici, Levent | C29: 41536 | D29: 46185 | E29: Fokussuche Hypereosinophile | G29: unauffällig
A30: 850 | B30: Janetzke, Tabea | C30: 36591 | D30: 46185 | E30: Mischkollagenose | G30: unauffällig
A31: 851 | B31: Voigt, Bernd-Michael | C31: 23332 | D31: 46185 | E31: Myositis | G31: unauffällig
... A53: 828 | B53: Oleszak,Christian | C53: 35059 | D53: 46139 | E53: CED-assoziierte SpA | G53: Handgelenk rechts und Kniegelenk rechts, sehr flau
A54: 824 | B54: Heilemann, Michael | C54: 27884 | D54: 46138 | E54: PsA | F54: 46226 | G54: POLARIS, Kniegelenk links, linkes OSG, weitere multifokale Gelenke, Rippenserienfraktur bds.
A55: 825 | B55: Dengler, Maria-Sophie | C55: 36029 | D55: 46138 | E55: SpA | G55: FAPI positive Sakroilitiis
A56: 822 | B56: Wehrfitz, Jürgen | C56: 22361 | D56: 46132 | E56: Bronchialkarzinom Oberlappen links | G56: FAPI positiv mit LK Filiae, reaktiv entlang Aortenprothese
A57: 823 | B57: Schmidt, Ottilie | C57: 23508 | D57: 46132 | E57: Sjögren-Syndrom | G57: unauffällig
A58: 819 | B58: Eischer, Erika | C58: 17083 | D58: 46129 | E58: Pankreas-CA | G58: Leberfiliae, disseminierte Peritonealkarzinose, PET/MRT, LK Mammaria Stromgebiet rechts
A59: 820 | B59: Obemeyer, Andrea | C59: 26392 | D59: 46129 | E59: Endometriose | G59: unauffällig
A60: 821 | B60: Richter, Karina | C60: 33009 | D60: 46129 | E60: SpA | G60: unauffällig
A61: 817 | B61: Reintanz, Kathrin | C61: 29839 | D61: 46127 | E61: Autoinflammatorisches Syndrom | G61: unauffällig
A62: 818 | B62: Catikkas, Aykut | C62: 25544 | D62: 46127 | E62: PsA | G62: Synovialitis Knie beiderseits mit Ergusskomponente
A63: 814 | B63: Wesolowski, Robert | C63: 28500 | D63: 46125 | E63: Undifferenzierte Kollagenose | G63: allenfalls sehr flau pulmonal
A64: 815 | B64: Meier, Karl-Heinz | C64: 19971 | D64: 46125 | E64: Systemische Skerlose mit Lungenfibrose | G64: FAPI positive Lungenfibrose, CT graphisch konstant
A65: 816 | B65: Grekova, Iryna | C65: 26207 | D65: 46125 | E65: Seropostive RA | G65: Kniegelenke bds., rechts > links, Biopsie geplant
A66: 813 | B66: Matkovskyi, Mykola | C66: 29267 | D66: 46122 | E66: POLARIS, PsA | G66: Vor allem Sehenen Füße
... A69: 809 | B69: Lang,Werner | C69: 25689 | D69: 46112 | E69: POLARIS, PsA | G69: Sprunggelenk links, FAPI positiver Lungenrundherd
A70: 810 | B70: Emck Tröger, Geert | C70: 34183 | D70: 46112 | E70: POLARIS, PsA | F70: 46211 | G70: Interspinal Höhe BWK 1-BWK4, Kniegelenk bds., Tendinitis rechtsbetont in beiden Füßen, peripankreatische Weichgewebsverdichtung
A71: 807 | B71: Witting, Jennifer | C71: 32920 | D71: 46108 | E71: Endometriose | G71: V.a. Endometrioseherd links iliacal
A72: 808 | B72: Al-Mahdawi, Abdullah | C72: 34892 | D72: 46108 | E72: Myositis | G72: Keine signifikante Myositis
A73: 806 | B73: Reddersen, Hans-Joachim | C73: 27275 | D73: 46106 | E73: POLARIS, PsA | G73: Knie und mehrere Beugesehnen
A74: 804 | B74: Regassa, Dawit | C74: 40123 | D74: 46104 | E74: Dermatomyositis | G74: unauffälliger Befund
A75: 805 | B75: Bartholome, Jasmin | C75: 40259 | D75: 46104 | E75: Systemische Sklerose | G75: unauffälliger Befund, ggf. rechter Daumen
A76: 802 | B76: Dörnenburg, Frank | C76: 24253 | D76: 46101 | E76: Sarkom linke Thoraxwand | G76: flau FAPI positiv in der linken Thoraxwand nach RCT, 5 Minuten p.i. aufgelegt
A77: 803 | B77: Johannes-Richter, Karin | C77: 27485 | D77: 46101 | E77: Pancreas-CA | F77: 46195 | G77: Peritonealkarzinose, Mageninfiltration
A78: 798 | B78: Ruppel, Irina | C78: 27368 | D78: 46097 | E78: Sjögren Syndrom mit ass. ILD | F78: 46195 | G78: inteniv intrapulmonal, nix in der Speicheldrüse
A79: 799 | B79: Bergmann, Manfred | C79: 19324 | D79: 46097 | E79: CCC | G79: Konstant intrahepatisch, Lungenrundherd FAPI positiv
A80: 795 | B80: Kaiser, Michael | C80: 28435 | D80: 46080 | E80: SSC vor T-Cell Engager | G80: Kräftig e FAPI positive Lungenfibrose, NSIP Muster
A81: 797 | B81: Feicht, Lydia | C81: 23888 | D81: 46080 | E81: Sarkom Oberarm links, suspekte LK | G81: Lokalbefund, V.a. synchrones Dünndarm-NET
A82: 794 | B82: Stark, Andrea | C82: 27712 | D82: 46078 | E82: PsA | F82: 46174 | G82: POLARIS mit PET/MRT, Knie bds. und Füße bds. ausgeprägt
A83: 791 | B83: Holzapfel, Karin | C83: 20726 | D83: 46073 | E83: Unkl. Hypophysitis dd Pachymeningitis | G83: sehr auffällig, Hypophyse, beide Sinus maxillaris, Vaskulitisähnlich, Nierenparenchym rechts, Mamma links, parakardiales fettgewebe
A84: 792 | B84: Virnstein, Katrin | C84: 25420 | D84: 46073 | E84: SpA mit Augenbeteilung | G84: Rechtsbetonte, FAP-positive SST-Arthrosen. Mögliche Beteiligung der Strecksehnenfächer 2-4 Hand rechts,Tendovaginitis.
A85: 793 | B85: Ludwig, Stefanie | C85: 34975 | D85: 46073 | E85: CED-assoziierte Arthritis | G85: unauffällig
A86: 790 | B86: Appel, Alexander | C86: 25961 | D86: 46071 | E86: PsA | F86: 46162 | G86: POLARIS, flau mehrere Lokalisationen
A87: 788 | B87: Weiland, Thomas | C87: 32282 | D87: 46069 | E87: Bekannte SSC | G87: Lungenfibrose, FAPI positiv, FAPI positive Lymphadenopathie intrathorakal
A88: 789 | B88: Buttah, Leila | C88: 28372 | D88: 46069 | E88: Axiale Spondylarthropathie | G88: keine axiale FAPI Anreicherung, peripher einzelne Ansatzsehnentendinitien, V.a. FAPI negatives NSA links
A89: 787 | B89: Birner, Carmen | C89: 22148 | D89: 46066 | E89: Endometriose | G89: singulärer Herd am Sigma
A90: 785 | B90: Zakahl,Zeinab | C90: 43542 | D90: 46062 | E90: Dermatomyositis | G90: Kind, intensive Lungenbeteiligung, sehr stark FAPI positiv
A91: 786 | B91: Huchler, Joachim | C91: 21854 | D91: 46062 | E91: Seronegative RA | G91: Kräftige Speicherung um die Hüft-TEP rechts, Achillessehne links
A92: 784 | B92: Flick, Katja | C92: 24157 | D92: 46059 | E92: IgG4 Erkrankung | G92: Dakroadenitis, kräftig FAPI positiv, zudem FAPI positiver mesenterialer LK
A93: 783 | B93: Svara, Dirk | C93: 24141 | D93: 46057 | E93: periphere SpA DD: Seronegative RA | G93: Solitär linkes Handgelenk Synovitis, Tendovaginitis Sehnen der Hand, Erguss linke Hand
A94: 782 | B94: Pfeiffer-Ritter, Eva-Marie | C94: 19824 | D94: 46055 | E94: Mischkollagenose, Raynaud , "Mechanic Hands" | G94: Lungenfibrose, Myositis, Knie-TEP links a.e. reaktiv
A95: 873 | B95: Chubych,Oryna | C95: 33476 | D95: 46050 | E95: GvHD Faszien Unterschenkel und Unterarme | F95: 46227
A96: 780 | B96: Stillerich, Mario | C96: 32880 | D96: 46048 | E96: SSC | G96: keine Fibroblastenaktivierung, keine Aktivität im Ösophagusbreischluck und KardioMRT von 2025
A97: 781 | B97: Di Ciero, Anna Martina | C97: 24925 | D97: 46048 | E97: IgG4 | G97: Schilddrüse FAPI positiv/FDG negativ, guter Mismatch Befund
A98: 778 | B98: Yasar, Mahrican | C98: 37075 | D98: 46045 | E98: SSC | G98: Kräftige pulmonale Traceranreicherung UIC Pattern, Honeycoombing
A99: 779 | B99: Zeithammel, Eduard | C99: 28240 | D99: 46045 | E99: SpA und Hidradenitis supportiva | G99: Auffällige dermale FAP Expression bei klinischen multifokalen Abszessen
A100: 777 | B100: Lindner, Monika | C100: 25052 | D100: 46041 | E100: Sjögren Syndrom | G100: Speicheldrüsen beiderseits, V.a. Myositis
A101: 775 | B101: Bäcker, Paula | C101: 46036 | D101: 46036 | E101: Juvenile Systemsklerose | G101: geringer FAPI Uptake in mehreren Verkalkungen, FAPI positive Lungenfibrose
A102: 776 | B102: Koslar, Kathi | C102: 23687 | D102: 46036 | E102: Krukenbergtumor Ovar rechts, siegelringzellartig in Histo | G102: FAPI positive Peritonealkarzinose disseminiert
A103: 774 | B103: Elzemann, David | C103: 40141 | D103: 46034 | E103: Sarkoisose mit Fasziitis | G103: gutes Ansprechen nach FDG PET 01/2025
A104: 772 | B104: Scheb, Veit | C104: 20257 | D104: 46013 | E104: Retroperitoneales Liposarkom | G104: Lungenfiliae, FAPI positiv
A105: 773 | B105: Schütz,Marcel | C105: 35700 | D105: 46013 | E105: Gicht | G105: Ausgeprägter Befund, Nierentophi, V.a. beginnende Lungenfibrose, multiple Sehnen mit Gichtkristallen
A106: 768 | B106: Alcamo, Antonio | C106: 28218 | D106: 46006 | E106: IgG4 | G106: Autoimmunpancreatitis, deutlich Darstellbar unter 10 mg Prednisolon
A107: 769 | B107: Geier, Kurt | C107: 18197 | D107: 46006 | E107: Magenkarzinom | G107: residuelles Tumorgewebe nach Immuntherapie, Lungenfibrose
... A110: 767 | B110: Günce, Belgin | C110: 24563 | D110: 45999 | E110: RA | G110: Ausgeprägte multilokuläre RA mit FAPI positiver Lungenbeteiligung
A111: 796 | B111: Trivuncevic, Ruza | C111: 18726 | D111: 45994 | E111: Sarkom Unterarm | F111: 46080 | G111: Sarkom Unterarm links und ergänzender GK, PET/MRT
A112: 752 | B112: Engelhardt, Ottmar | C112: 22234 | D112: 45992 | E112: Leiomyosarkom | G112: kräftiger Lokalbefund
A113: 766 | B113: Truckenbrodt, Simone | C113: 29936 | D113: 45989 | E113: RA, pulmonale Beteilung | G113: histologisch gesicherte lymphozytäre Pneumonie
A114: 763 | B114: Kusafuka-Muangu, Blache | C114: 25767 | D114: 45982 | E114: IgG4 Syndrom | G114: unauffällig
A115: 764 | B115: Buchert, Niko | C115: 25555 | D115: 45982 | E115: Sigmakarzinom | G115: unauffällig
A116: 765 | B116: Büttner Jürgen | C116: 23735 | D116: 45982 | E116: Gicht | G116: axiale Beteiligung, BWK11, Hände und Füße beteiligt
A117: 762 | B117: Schott, Kerstin | C117: 23397 | D117: 45978 | E117: POLARIS, PsA | F117: 46064 | G117: multiple gelenkassoziierte Tracerspeicherungen
A118: 760 | B118: Rackelmann, Siegline | C118: 25676 | D118: 45971 | E118: PsO, V.a. PsA | G118: Synovialitis ulnocarpal rechtes Handgelenk
A119: 761 | B119: Stark, Karl | C119: 23771 | D119: 45971 | E119: Verdacht auf Myositis | G119: Keine Myositis, degenerative Veränderungen
A120: 759 | B120: Kraus, Helga | C120: 20959 | D120: 45968 | E120: POLARIS, PsA | F120: 46064 | G120: Flexorensehnen, Kniegelenk
A121: 758 | B121: Schönknecht, Suchada | C121: 26372 | D121: 45964 | E121: Seronegative Arthritis | G121: Gelenkassoziiert Ellenbogen rechts, unspezifisch Kniegelenk bds.
A122: 755 | B122: Karpinska, Adrianna | C122: 39656 | D122: 45957 | E122: Mischkollagenose/Systemsklerose | G122: unauffällig
A123: 756 | B123: Karpinska, Dariy | C123: 41012 | D123: 45957 | E123: Mischkollagenose/Systemsklerose | G123: unauffällig
A124: 757 | B124: Butterhof, Christine | C124: 23528 | D124: 45957 | E124: RA | F124: 46138 | G124: multiple Auffälligkeiten, Achillessehne, multiple Gelenke linkes Handgelenk, gutes Therapieansprechen!
A125: 754 | B125: Eberwein, Bernd | C125: 21351 | D125: 45950 | E125: IgG4 Sialadenitis | G125: Parotis, unklare Pancreasanreicherung
...

Sheet Hayk Patienten
F11: Unauffällig
F12: Unauffällig
F13: Unauffällig
F14: Unauffällig
F15: Unauffällig

Sheet POLARIS
A3: No | B3: Name, Vorname | C3: DoB | D3: Scandate | E3: Scandate | J3: Scandate Follow-Up
A5: 1 | B5: Nink, Axel | C5: 19176 | D5: 45947 | G5: aus Studie ausgeschlossen
A6: 2 | B6: Kraus, Helga | C6: 20959 | D6: 45968 | E6: POLARIS, PsA | J6: 46064
A7: 4 | B7: Schott, Kerstin | C7: 23397 | D7: 45978 | E7: PsA | F7: Stammskelett FAPI positiv | J7: 46064
A8: 5 | B8: Ünlütürk, Ayhan | C8: 32242 | D8: 45996 | E8: SpA, Sakrolilitis, Pancreasanreicherung
A9: 7 | B9: Appel, Alexander | C9: 25961 | D9: 46071 | E9: PsA
A10: 8 | B10: Stark, Andrea | C10: 27712 | D10: 46078 | E10: PsA
A11: 9 | B11: Reddersen, Hans-Joachim | C11: 27275 | D11: 46106 | E11: PsA
A12: 10 | B12: Lang,Werner | C12: 25689 | D12: 46112 | E12: POLARIS, PsA | G12: Sprunggelenk links, FAPI positiver Lungenrundherd
A13: 11 | B13: Emck Tröger, Geert | C13: 34183 | D13: 46112 | E13: POLARIS, PsA | G13: Interspinal Höhe BWK 1-BWK4, Kniegelenk bds., Tendinitis rechtsbetont in beiden Füßen, peripankreatische Weichgewebsverdichtung
A14: 12 | B14: Matkovskyi, Mykola | C14: 29267 | D14: 46122 | E14: POLARIS, PsA

Sheet PET-MRT
A1: Nummer | B1: Name | C1: DoB | D1: Scandate | E1: Scanrange
A3: 1 | B3: Einicke-Merker, Tanja | C3: 26044 | D3: 45959 | E3: Hände | G3: auffällig, Handgelenk
A4: 2 | B4: Erdem, Ahmet | C4: 33966 | D4: 45959 | E4: ISG&LWS | G4: Sakroilitiis
A5: 3 | B5: Babayev, Shahriyar | C5: 32538 | D5: 45966 | E5: TK und WS | G5: unauffällig
A6: 4 | B6: Gömmel, Erwin | C6: 23733 | D6: 45966 | E6: Hände beiderseits | G6: auffällig, Handgelenk
A7: 5 | B7: Meyer, Gerhard | C7: 19790 | D7: 45994 | E7: Hände beiderseits | G7: auffällig, Synovialitis links, FAPI negative Erosion Digitus III links, angrenzende FAPI positive Synovialitis
A8: 6 | B8: Trivuncevic, Ruza | C8: 18726 | D8: 45994 | E8: UA und TK | G8: Sarkom Unterarm links und ergänzender GK
A9: 7 | B9: Chubych, Oryna | C9: 33476 | D9: 46050 | E9: Unterschenkel und Hände | G9: Fasziitis, sehr Auffällig V.a. Unterschenkel, gute Übereinstimmung STIR Sequenz
A10: 8 | B10: Lang, Wolfgang | C10: 14035 | D10: 45952 | E10: Körperstamm, Hände und Wirbelsäule | G10: sehr auffällig
A11: 9 | B11: Birner, Carmen | C11: 22148 | D11: 46066 | E11: Endometriose | G11: fokale Läsion am Sigma

Sheet FAPI Patienten IgG4 FAPI 46
B3: Name | C3: Geburtsdatum | D3: Scandatum | E3: Indikation | F3: Datum 2. FAPI PET/CT | G3: Datum 3. FAPI PET/CT | H3: Datum 4. FAPI PET/CT | I3: Datum 5. FAPI PET/CT | J3: Datum 6. FAPI PET/CT | K3: Datum 3. FAPI PET/CT
B6: Rieger, Iris | C6: 23687 | D6: 44967 | E6: IgG4-Syndrom
B7: Puff, Daniela | C7: 28626 | D7: 44981 | E7: IgG4-Syndrom
B8: Feigt,Katja | C8: 23945 | D8: 45121 | E8: IgG4-Syndrom
B9: Gelhaar,Peter | C9: 23371 | D9: 45177 | E9: IgG4-Syndrom
B10: Meier,Roland | C10: 21872 | D10: 45369 | E10: IgG4-Syndrom
B11: Eisenmeier, Reinhard | C11: 22498 | D11: 45401 | E11: IgG4 Erkrankung | F11: FDG PET zum Vgl. vorliegend 06/2023
B12: Muni, Guiseppe | C12: 17341 | D12: 45453 | E12: IgG4
B13: Astorino,Filomena | C13: 20930 | D13: 45471 | E13: IgG4
B14: Mützel,Wilfried | C14: 20804 | D14: 45499 | E14: IgG 4-Syndrom
B15: Neukam, Wolfgang | C15: 23360 | D15: 45537 | E15: IgG4 Syndrom
B16: Geistlehner, Peter | C16: 21438 | D16: 45551 | E16: IgG4 Syndrom
B17: Bergmann, Rena | C17: 20293 | D17: 45565 | E17: IgG4
B18: Bützow, Sven | C18: 25672 | D18: 45590 | E18: IgG4
B19: Ott, Stephan | C19: 31026 | D19: 45618 | E19: IgG4 Erkrankung
B23: FAPI 04
B25: Berisha, Astrit | C25: 31446 | D25: 43451 | E25: IgG 4-Syndrom | F25: 43717 | G25: 44791
B26: Hos, Mete | C26: 26816 | D26: 43493 | E26: IgG 4-Syndrom | F26: 43689 | G26: 45523
B27: Seffert, Gerda | C27: 12290 | D27: 43507 | E27: IgG 4-Syndrom
B28: Kraus, Andreas | C28: 19725 | D28: 43507 | E28: IgG 4-Syndrom | F28: 43745
B29: Lederer, Janina | C29: 33555 | D29: 43514 | E29: IgG 4-Syndrom
B30: Janosch, Vera | C30: 21725 | D30: 43521 | E30: IgG-4-Syndrom | F30: 43773 | G30: 44883
B31: Meier, Roland | C31: 21872 | D31: 43528 | E31: IgG-4-Syndrom | F31: 43759 | G31: 45131
B32: Thal, Hans-Günther | C32: 21814 | D32: 43528 | E32: IgG-4-Syndrom
B33: Kollorz, Uwe | C33: 24925 | D33: 43605 | E33: IgG 4-Syndrom | F33: 43766 | G33: 44424 | H33: 44907 | I33: 45264 | J33: 45537
B34: Zipfel, Josef | C34: 20420 | D34: 43647 | E34: IgG 4-Syndrom | F34: 43773
B35: Kohles, Cathrin | C35: 30190 | D35: 43752 | E35: IgG 4-Syndrom | F35: 44284 | G35: 44522
B36: Frommberger, Volker | C36: 24050 | D36: 43801 | E36: IgG4-Syndrom
B37: Sell, Dieter | C37: 22558 | D37: 43903 | E37: IgG-4/Riedel Struma
B38: Thun, Wolfgang | C38: 20474 | D38: 43976 | E38: IgG 4-Syndrom | F38: 44400 | G38: 44802 | H38: 45593
B39: Reubekeul, Axel | C39: 20092 | D39: 44001 | E39: IgG 4-Syndrom
B40: Stief, Christa | C40: 15713 | D40: 44050 | E40: IgG-4 Syndrom
B41: Steinhäußer, Mathias | C41: 31678 | D41: 44081 | E41: IgG-4 Syndrom
B42: Ringl, Hans-Jürgen | C42: 22660 | D42: 44099 | E42: IgG-4 Syndrom | F42: 44890
B43: Schürrlein, Gerhard | C43: 15153 | D43: 44116 | E43: IgG-4 Syndrom
B44: Palaczynski, Ireneusz | C44: 23421 | D44: 44354 | E44: IgG-4 Syndrom
B45: Römer, Carmen | C45: 25245 | D45: 44445 | E45: IgG-4 Syndrom
B46: Schiewe, Harry | C46: 15879 | D46: 44459 | E46: IgG-4 Syndrom | F46: 44540 | G46: 45131 | H46: 45411
B47: Emmerich, Rudolf | C47: 20047 | D47: 44473 | E47: IgG-4 Syndrom
B48: Muric, Ramona | C48: 20935 | D48: 44480 | E48: IgG-4 Syndrom
B49: John, Hartmut | C49: 24798 | D49: 44529 | E49: IgG-4 Syndrom
B50: Friedrichs, Paulina | C50: 39408 | D50: 44529 | E50: IgG-4 Syndrom | F50: 44760 | G50: 44935
B51: Bomhard, Ulrike | C51: 15967 | D51: 44575 | E51: IgG-4 Syndrom
B52: Kreiner,Betty | C52: 15022 | D52: 44550 | E52: IgG-4 Syndrom
B53: Büttner,Johannes | C53: 21560 | D53: 44659 | E53: IgG-4 Syndrom
B54: Ristic,Kristo | C54: 22286 | D54: 44715 | E54: IgG4-Syndrom
B55: Hofmann,Volker | C55: 22501 | D55: 44858 | E55: IgG4-Syndrom

Sheet IgG-4
C1: Geburtsdatum | D1: Datum 1. FAPI | E1: Datum 2. FAPI | F1: Datum 1. FDG | G1: Datum 2. FDG | H1: Number of lesions | I1: Location | J1: 1. FDG SUVmax | K1: SUVpeak | L1: SUVmean | M1: MAV | N1: TLG | P1: 1. FAPI SUVmax | Q1: SUVpeak | R1: SUVmean | S1: MAV | T1: TL-FAPI | V1: 2. FDG SUVmax | W1: SUVpeak | X1: SUVmean | Y1: MAV | Z1: TLG | AB1: 2. FAPI SUVmax | AC1: SUVpeak | AD1: SUVmean | AE1: MAV | AF1: TL-FAPI | AI1: ='Auswertung IgG 4'!W1 -> TBR FAPI | AK1: TBR FDG
A2: 1 | B2: Berisha, Astrit | C2: 31446 | D2: 43451 | E2: 43717 | F2: 43551 | G2: 43718 | H2: 1 | I2: links retroperitoneal mit Kontakt zur li Nebenniere | J2: 8.1 | K2: 5.7 | L2: 4.8 | M2: 4.2 | N2: =(L2*M2) -> 20.16 | P2: 9.7 | Q2: 6.6 | R2: 5.2 | S2: 7.4 | T2: =(R2*S2) -> 38.48 | V2: 0 | W2: 0 | X2: 0 | Y2: 0 | Z2: 0 | AB2: 6.1 | AC2: 4.6 | AD2: 3.5 | AE2: 8.6 | AF2: =(AD2*AE2) -> 30.1 | AI2: ='Auswertung IgG 4'!W2 -> 10.777778 | AK2: 4.7647059
AI3: ='Auswertung IgG 4'!W3 -> 0
A4: 2 | B4: Kraus, Andreas | C4: 19725 | D4: 43507 | E4: 43745 | F4: 43501 | G4: 43746 | H4: 1 | I4: Aorta abdominalis | J4: 5 | K4: 4 | L4: 2.7 | M4: 37.6 | N4: =(L4*M4) -> 101.52 | P4: 7.1 | Q4: 5.5 | R4: 3.7 | S4: 29.9 | T4: =(R4*S4) -> 110.63 | V4: 0 | W4: 0 | X4: 0 | Y4: 0 | Z4: 0 | AB4: 4.2 | AC4: 2.8 | AD4: 2.2 | AE4: 14.8 | AF4: =(AD4*AE4) -> 32.56 | AI4: ='Auswertung IgG 4'!W4 -> 8.875 | AK4: 3.3333333
AI5: ='Auswertung IgG 4'!W5 -> 0
A6: 3 | B6: Kollorz, Uwe | C6: 24925 | D6: 43605 | E6: 43766 | F6: 43606 | G6: 43767 | H6: 1 | I6: Intracerebral occipital | J6: 12.8 | K6: 10.2 | L6: 8.9 | M6: 3.5 | N6: =(L6*M6) -> 31.15 | P6: 10.3 | Q6: 4.4 | R6: 6.5 | S6: 1.8 | T6: =(R6*S6) -> 11.7 | V6: 0 | W6: 0 | X6: 0 | Y6: 0 | Z6: 0 | AB6: 1.8 | AC6: 1.2 | AD6: 1.2 | AE6: 1.6 | AF6: =(AD6*AE6) -> 1.92 | AI6: ='Auswertung IgG 4'!W6 -> 9.8877551 | AK6: 3.3846154
H7: 1 | I7: Intracerebral rechts temporooccipital | P7: 3.3 | Q7: 1.4 | R7: 2.1 | S7: 1.1 | T7: =(R7*S7) -> 2.31 | V7: nd | W7: nd | X7: nd | Y7: nd | Z7: nd | AB7: 1.1 | AC7: 0.7 | AD7: 0.7 | AE7: 0.9 | AF7: =(AD7*AE7) -> 0.63 | AI7: ='Auswertung IgG 4'!W7 -> 0
H8: 1 | I8: Sinus cavernosus | J8: 14.4 | K8: 10.3 | L8: 8 | M8: 8.3 | N8: =(L8*M8) -> 66.4 | P8: 11.9 | Q8: 7.7 | R8: 6.8 | S8: 5.9 | T8: =(R8*S8) -> 40.12 | V8: 0 | W8: 0 | X8: 0 | Y8: 0 | Z8: 0 | AB8: 3.7 | AC8: 2.6 | AD8: 2.1 | AE8: 5.9 | AF8: =(AD8*AE8) -> 12.39 | AI8: ='Auswertung IgG 4'!W8 -> 0
H9: 1 | I9: Aortenbogen | J9: 8.6 | K9: 5.9 | L9: 4.7 | M9: 21.5 | N9: =(L9*M9) -> 101.05 | P9: 11.3 | Q9: 7.7 | R9: 6.3 | S9: 23.6 | T9: =(R9*S9) -> 148.68 | V9: 2.7 | W9: 2.3 | X9: 1.8 | Y9: 4.5 | Z9: =(X9*Y9) -> 8.1 | AB9: 4.2 | AC9: 3.1 | AD9: 2.3 | AE9: 18 | AF9: =(AD9*AE9) -> 41.4 | AI9: ='Auswertung IgG 4'!W9 -> 0
H10: 1 | I10: Aorta thoracalis | J10: 7.7 | K10: 4.8 | L10: 3.8 | M10: 26 | N10: =(L10*M10) -> 98.8 | P10: 8.8 | Q10: 6.4 | R10: 4.6 | S10: 49.9 | T10: =(R10*S10) -> 229.54 | V10: 0 | W10: 0 | X10: 0 | Y10: 0 | Z10: 0 | AB10: 4.1 | AC10: 3 | AD10: 2.2 | AE10: 19.1 | AF10: =(AD10*AE10) -> 42.02 | AI10: ='Auswertung IgG 4'!W10 -> 0
H11: 1 | I11: Aorta abdominalis | J11: 4.3 | K11: 2.9 | L11: 2.2 | M11: 31 | N11: =(L11*M11) -> 68.2 | P11: 7.6 | Q11: 5 | R11: 3.9 | S11: 15.3 | T11: =(R11*S11) -> 59.67 | V11: 0 | W11: 0 | X11: 0 | Y11: 0 | Z11: 0 | AB11: 3 | AC11: 2.4 | AD11: 1.6 | AE11: 11 | AF11: =(AD11*AE11) -> 17.6 | AI11: ='Auswertung IgG 4'!W11 -> 0
H12: 1 | I12: Art. Iliaca rechts | J12: 2.9 | K12: 2.3 | L12: 2.1 | M12: 2.4 | N12: =(L12*M12) -> 5.04 | P12: 5.1 | Q12: 3.2 | R12: 2.7 | S12: 4.7 | T12: =(R12*S12) -> 12.69 | V12: 0 | W12: 0 | X12: 0 | Y12: 0 | Z12: 0 | AB12: 1.8 | AC12: 1.6 | AD12: 1.5 | AE12: 2.2 | AF12: =(AD12*AE12) -> 3.3 | AI12: ='Auswertung IgG 4'!W12 -> 0
H13: 1 | I13: Art. Iliaca links | J13: 3.1 | K13: 2.7 | L13: 2.2 | M13: 3.3 | N13: =(L13*M13) -> 7.26 | P13: 6.8 | Q13: 4.6 | R13: 3.9 | S13: 4.3 | T13: =(R13*S13) -> 16.77 | V13: 0 | W13: 0 | X13: 0 | Y13: 0 | Z13: 0 | AB13: 2.5 | AC13: 2 | AD13: 1.4 | AE13: 2.1 | AF13: =(AD13*AE13) -> 2.94 | AI13: ='Auswertung IgG 4'!W13 -> 0
H14: 1 | I14: Art. femoralis links | J14: 2.9 | K14: 1.9 | L14: 2 | M14: 1 | N14: =(L14*M14) -> 2 | P14: 2.6 | Q14: 2.1 | R14: 1.9 | S14: 1.9 | T14: =(R14*S14) -> 3.61 | V14: 0 | W14: 0 | X14: 0 | Y14: 0 | Z14: 0 | AB14: 1.4 | AC14: 1.2 | AD14: 1.1 | AE14: 1.2 | AF14: =(AD14*AE14) -> 1.32 | AI14: ='Auswertung IgG 4'!W14 -> 0
H15: 1 | I15: Art. femoralis rechts | J15: 2.5 | K15: 1.9 | L15: 2 | M15: 1.1 | N15: =(L15*M15) -> 2.2 | P15: 3.6 | Q15: 2.4 | R15: 2.2 | S15: 2.8 | T15: =(R15*S15) -> 6.16 | V15: 0 | W15: 0 | X15: 0 | Y15: 0 | Z15: 0 | AB15: 2.1 | AC15: 2 | AD15: 1.9 | AE15: 2.1 | AF15: =(AD15*AE15) -> 3.99 | AI15: ='Auswertung IgG 4'!W15 -> 0
H16: 1 | I16: links infraorbital | J16: 3.6 | K16: 3.2 | L16: 2.5 | M16: 1.7 | N16: =(L16*M16) -> 4.25 | P16: 3.2 | Q16: 2.3 | R16: 2 | S16: 3 | T16: =(R16*S16) -> 6 | V16: 0 | W16: 0 | X16: 0 | Y16: 0 | Z16: 0 | AB16: 2.4 | AC16: 2 | AD16: 1.8 | AE16: 2.8 | AF16: =(AD16*AE16) -> 5.04 | AI16: ='Auswertung IgG 4'!W16 -> 0
H17: 1 | I17: A. iliaca communis links | J17: 3.9 | K17: 3.2 | L17: 2.9 | M17: 1.4 | N17: =(L17*M17) -> 4.06 | P17: 5.1 | Q17: 3.3 | R17: 3.1 | S17: 1.9 | T17: =(R17*S17) -> 5.89 | V17: 0 | W17: 0 | X17: 0 | Y17: 0 | Z17: 0 | AB17: 2.3 | AC17: 1.7 | AD17: 1.6 | AE17: 1 | AF17: =(AD17*AE17) -> 1.6 | AI17: ='Auswertung IgG 4'!W17 -> 0
H18: 1 | I18: Rechte Niere | J18: 6.2 | K18: 5 | L18: 4.2 | M18: 3.9 | N18: =(L18*M18) -> 16.38 | P18: 6.9 | Q18: 6.6 | R18: 4.2 | S18: 22.8 | T18: =(R18*S18) -> 95.76 | V18: 0 | W18: 0 | X18: 0 | Y18: 0 | Z18: 0 | AB18: 2.4 | AC18: 1.8 | AD18: 1.7 | AE18: 4.2 | AF18: =(AD18*AE18) -> 7.14 | AI18: ='Auswertung IgG 4'!W18 -> 0
H19: 1 | I19: Linke Niere | J19: 6.3 | K19: 5.1 | L19: 4.1 | M19: 4.6 | N19: =(L19*M19) -> 18.86 | P19: 10.4 | Q19: 8.1 | R19: 6.4 | S19: 4.8 | T19: =(R19*S19) -> 30.72 | V19: 0 | W19: 0 | X19: 0 | Y19: 0 | Z19: 0 | AB19: 2.5 | AC19: 1.9 | AD19: 1.8 | AE19: 2.8 | AF19: =(AD19*AE19) -> 5.04 | AI19: ='Auswertung IgG 4'!W19 -> 0
AI20: ='Auswertung IgG 4'!W20 -> 0
A21: 4 | B21: Meier, Roland | C21: 21872 | D21: 43528 | E21: 43759 | F21: 43531 | G21: 43760 | H21: 1 | I21: retroperitoneal | J21: 3.9 | K21: 3.2 | L21: 2.6 | M21: 3.6 | N21: =(L21*M21) -> 9.36 | P21: 8.9 | Q21: 5.6 | R21: 5.1 | S21: 2.7 | T21: =(R21*S21) -> 13.77 | V21: 0 | W21: 0 | X21: 0 | Y21: 0 | Z21: 0 | AB21: 0 | AC21: 0 | AD21: 0 | AE21: 0 | AF21: 0 | AI21: ='Auswertung IgG 4'!W21 -> 9.8888889 | AK21: 2.6
AI22: ='Auswertung IgG 4'!W22 -> 0
A23: 5 | B23: Zipfel, Josef | C23: 20420 | D23: 43647 | F23: 43648 | H23: 1 | I23: links infraorbital | J23: 3.6 | K23: 3.2 | L23: 2.5 | M23: 1.7 | N23: =(L23*M23) -> 4.25 | P23: 3.2 | Q23: 2.3 | R23: 2 | S23: 3 | T23: =(R23*S23) -> 6 | V23: 0 | W23: 0 | X23: 0 | Y23: 0 | Z23: 0 | AB23: 1.6 | AC23: 1.4 | AD23: 1.2 | AE23: 2.4 | AF23: =(AD23*AE23) -> 2.88 | AI23: ='Auswertung IgG 4'!W23 -> 4.9444444 | AK23: 2
H24: 1 | I24: Parotis rechts | J24: 3.6 | K24: 2.8 | L24: 2.6 | M24: 2 | N24: =(L24*M24) -> 5.2 | P24: 5.7 | Q24: 3.6 | R24: 3.4 | S24: 1.7 | T24: =(R24*S24) -> 5.78 | V24: 0 | W24: 0 | X24: 0 | Y24: 0 | Z24: 0 | AB24: 2.9 | AC24: 2.3 | AD24: 1.6 | AE24: 1.6 | AF24: =(AD24*AE24) -> 2.56 | AI24: ='Auswertung IgG 4'!W24 -> 0
AI25: ='Auswertung IgG 4'!W25 -> 0
A26: 6 | B26: Janosch, Vera | C26: 21725 | D26: 43521 | E26: 43773 | F26: 43518 | G26: 43774 | H26: 1 | I26: Intraorbital links | J26: 10.8 | K26: 9.7 | L26: 5.9 | M26: 6.9 | N26: =(L26*M26) -> 40.71 | P26: 9.5 | Q26: 5.6 | R26: 4.9 | S26: 4.4 | T26: =(R26*S26) -> 21.56 | V26: 12.7 | W26: 10.3 | X26: 7.4 | Y26: 6.2 | Z26: =(X26*Y26) -> 45.88 | AB26: 7.3 | AC26: 4.7 | AD26: 4.3 | AE26: 6.4 | AF26: =(AD26*AE26) -> 27.52 | AI26: ='Auswertung IgG 4'!W26 -> 6.4230769 | AK26: 3.2745098
H27: 1 | I27: Gl. Submandibularis links | J27: 3.2 | K27: 2.7 | L27: 2.2 | M27: 3.6 | N27: =(L27*M27) -> 7.92 | P27: 9.4 | Q27: 7.4 | R27: 5.6 | S27: 9.3 | T27: =(R27*S27) -> 52.08 | V27: 0 | W27: 0 | X27: 0 | Y27: 0 | Z27: 0 | AB27: 3.1 | AC27: 2.6 | AD27: 1.9 | AE27: 4.2 | AF27: =(AD27*AE27) -> 7.98 | AH27: Mittelwert | AI27: ='Auswertung IgG 4'!W27 -> 8.4661572 | AK27: 3.2261941
H28: 1 | I28: Gl. Submandibularis rechts | J28: 2.7 | K28: 2.3 | L28: 2.1 | M28: 3 | N28: =(L28*M28) -> 6.3 | P28: 9.1 | Q28: 7 | R28: 5.6 | S28: 8 | T28: =(R28*S28) -> 44.8 | V28: 0 | W28: 0 | X28: 0 | Y28: 0 | Z28: 0 | AB28: 3.7 | AC28: 2.9 | AD28: 2.2 | AE28: 5.4 | AF28: =(AD28*AE28) -> 11.88 | AH28: Standardabweichung | AI28: ='Auswertung IgG 4'!W28 -> 2.2861534 | AK28: 0.92753437
H29: 1 | I29: Pankreas | J29: nd | K29: nd | L29: nd | M29: nd | N29: nd | P29: 5.4 | Q29: 4 | R29: 2.8 | S29: 26.7 | T29: =(R29*S29) -> 74.76 | V29: nd | W29: nd | X29: nd | Y29: nd | Z29: nd | AB29: 2.4 | AC29: 1.5 | AD29: 1.2 | AE29: 14.4 | AF29: =(AD29*AE29) -> 17.28
A31: 7 | B31: Hos, Mete | C31: 26816 | D31: 43493 | E31: 43689 | F31: 43490 | G31: 43690 | H31: 1 | I31: links zervikal | J31: 11.8 | K31: 7.6 | L31: 7.6 | M31: 0.8 | N31: 6.1 | P31: 0 | Q31: 0 | R31: 0 | S31: 0 | T31: 0 | V31: 8.5 | W31: 5.2 | X31: 4.8 | Y31: 2.3 | Z31: 11.1 | AB31: 0 | AC31: 0 | AD31: 0 | AE31: 0 | AF31: 0
H32: 1 | I32: links zervikal | J32: 4.1 | K32: 3.2 | L32: 2.6 | M32: 2.1 | N32: 5.5 | P32: 0 | Q32: 0 | R32: 0 | S32: 0 | T32: 0 | V32: 3.8 | W32: 2.9 | X32: 2.4 | Y32: 4.2 | Z32: 10.2 | AB32: 0 | AC32: 0 | AD32: 0 | AE32: 0 | AF32: 0

Sheet SpA
B3: Name | C3: Geburtsdatum | D3: Scandatum | E3: Indikation | F3: Datum 2. FAPI PET/CT
B6: Cetin,Hatice | C6: 29594 | D6: 44946 | E6: Axiale Spondylarthropathie
B7: Öztürk,Yilmaz | C7: 37403 | D7: 44988 | E7: SpA
B8: Mahrle,Thomas | C8: 29824 | D8: 45005 | E8: SpA
B9: Navalon Olmos, Carolina | C9: 29869 | D9: 45009 | E9: SpA
B10: Märtl, Susanne | C10: 29430 | D10: 45079 | E10: SpA
B11: Arnold-Schmidt,Christine | C11: 24666 | D11: 45138 | E11: SpA
B12: Simotas,Ioannis | C12: 26106 | D12: 45152 | E12: SpA
B13: Ustinow, Oleg | C13: 23330 | D13: 45161 | E13: SpA
B14: Reichel,Claudia | C14: 24055 | D14: 45163 | E14: SpA
B15: Hübner, Claudia | C15: 25671 | D15: 45187 | E15: SpA
B16: Zenk,Manfred | C16: 22092 | D16: 45201 | E16: SpA
B17: Weber, Jürgen | C17: 24279 | D17: 45205 | E17: SpA
... B29: Rieger,Sabine | C29: 31477 | D29: 45625 | E29: SpA

Sheet PsA
B6: Name | C6: Geburtsdatum | D6: Scandatum | E6: Indikation | F6: Datum 2. FAPI PET/CT
B8: Lassel, Adriana-Codruta | C8: 29513 | D8: 44907 | E8: PsA
B9: Dölfel,Erwin | C9: 22310 | D9: 44935 | E9: PsA
B10: Ansari,Assad | C10: 32326 | D10: 44939 | E10: PsA
B11: Meister,Petra | C11: 22474 | D11: 44946 | E11: PsA
B12: Krieger,Olga | C12: 27316 | D12: 44953 | E12: PSA | F12: 45247
B13: Schad, Matthias | C13: 19835 | D13: 44956 | E13: PSA
B14: Walter,Julia | C14: 30475 | D14: 44960 | E14: PSA
B15: Pruy-Popp,Carolin | C15: 29400 | D15: 45005 | E15: PsA
B16: Marktgraf, Miriam | C16: 35020 | D16: 45016 | E16: PsA
B17: Cibura,Rajmund | C17: 25234 | D17: 45016 | E17: PsA
B18: Herzfeld, Claudia | C18: 29146 | D18: 45033 | E18: PsA
B19: Gnanapiragasam,Edna | C19: 31202 | D19: 45051 | E19: PSA
B20: Frisch,Andreas | C20: 30319 | D20: 45089 | E20: PSA
B21: Peker,Fethi | C21: 22753 | D21: 45089 | E21: PSA
B22: Raithel,Benjamin | C22: 30430 | D22: 45105 | E22: PSA
B23: Braun, Harald | C23: 25904 | D23: 45110 | E23: PSA
B24: Rödig, Rosaria | C24: 20413 | D24: 45117 | E24: PSA
... B48: Drobnjak,Alexander | C48: 32392 | D48: 45464 | E48: PsA
B49: Pinkert, Wilhelm | C49: 15.15.1952 | D49: 45506 | E49: PsA
B50: Ramic,Ramo | C50: 29066 | D50: 45509 | E50: PsA
B51: Evers, Anke | C51: 25391 | D51: 45520 | E51: PsA
B52: Dolhaniuk, Ursuala | C52: 23516 | D52: 45544 | E52: PsA
B53: Mercan, Sinan | C53: 33772 | D53: 45583 | E53: PsA
B54: Strobel, Marion | C54: 23093 | D54: 45642 | E54: PsA
B55: Haber,Betina | C55: 21804 | D55: 45674 | E55: PsA

Sheet Rheumatoide Arthritis
B1: Name | C1: Geburtsdatum | D1: Scandatum | E1: Indikation | F1: Datum 2. FAPI PET/CT | G1: Datum 3. FAPI PET/CT | H1: Datum 4. FAPI PET/CT
B4: Volkamer, Erich | C4: 21824 | D4: 44949 | E4: RA
B5: Zipfel,Bernd | C5: 24835 | D5: 45033 | E5: RA | F5: 45114
B6: Seitz, Rita | C6: 23862 | D6: 45082 | E6: RA mit pulmonaler Beteiligung
B7: Canovic, Alma | C7: 26218 | D7: 45103 | E7: RA
B8: Bernabei,Vanessa | C8: 33325 | D8: 45117 | E8: RA
B9: Weller,Günter | C9: 23728 | D9: 45128 | E9: RA
B10: Bauer, Katrin | C10: 25098 | D10: 45145 | E10: RA mit pulmonaler Beteiligung
B11: Zehnter,Petra | C11: 23681 | D11: 45145 | E11: RA
B12: Wilhelm,Michael | C12: 24133 | D12: 45149 | E12: Seronegative RA | F12: 45457
B13: Morner, Jürgen | C13: 22912 | D13: 45159 | E13: RA
B14: Sichart,Güner | C14: 24881 | D14: 45173 | E14: RA | F14: 45341
B15: Schatt,Stefanie | C15: 27348 | D15: 45096 | E15: RA | F15: 45201
B16: Petrzik, Kerstin | C16: 24896 | D16: 45208 | E16: RA und Mukoviszidose
B17: Dietrich,Monika | C17: 21480 | D17: 45215 | E17: RA
B18: Wölfel,Sonja | C18: 22586 | D18: 45212 | E18: RA | F18: 45600
B19: Isenberg,Catherine Jill | C19: 29291 | D19: 45222 | E19: RA
B20: Gensler,Katrin | C20: 27033 | D20: 45223 | E20: RA/periphere SpA
B21: Oppelt, Erika | C21: 23335 | D21: 45233 | E21: RA
B22: Thäter,Norbert | C22: 20932 | D22: 45247 | E22: RA DD:PsA
B23: Franz,Ludwig | C23: 23035 | D23: 45142 | E23: RA
B24: Rauh,claudia | C24: 28286 | D24: 45313 | E24: RA, Multi Drug Resistance | F24: 45429
B25: Bude-Klemmer, Judith | C25: 23923 | D25: 45331 | E25: RA, Multi Drug Resistance
B26: Link, Theodor | C26: 22664 | D26: 45373 | E26: RA
B27: Böhm,Diethard | C27: 23920 | D27: 45418 | E27: Rheumatoide Arthritis
B28: Bruder,Sylvia | C28: 25155 | D28: 45460 | E28: RA
B29: Behr,Marion | C29: 27517 | D29: 45471 | E29: RA
B30: Grüner, Manfred | C30: 22049 | D30: 45481 | E30: RA
B31: Lorenz,Armin | C31: 20256 | D31: 45499 | E31: RA
B32: Liegl,Wilhelm | C32: 22785 | D32: 45555 | E32: RA
B33: Spadafora Bauer, Marirosa | C33: 24419 | D33: 45569 | E33: Therapierefraktäre RA
B34: Liebig, Birgit | C34: 24545 | D34: 45583 | E34: RA
B35: Gleißner, Matthias | C35: 25773 | D35: 45607 | E35: Rheumatoide Arthritis
B36: Gruna, Boguslawa | C36: 22224 | D36: 45642 | E36: RA

Sheet Dynamische Messungen
A1: Dynamische Messungen
B5: Name | D5: Geburtsdatum | F5: Scandatum | H5: Indikation
B8: Öztürk,Yilmaz | D8: 37403 | F8: 44988 | H8: SpA

Sheet DEGINF
B1: Name | C1: Geburtsdatum | D1: Scandatum | E1: Indikation | F1: INF | G1: DEG | H1: SUV max | I1: SUV mean | J1: MAV | K1: TL-FAPI | L1: Lokalisation | M1: DEG gesamt | N1: INF gesamt | P1: MRT 0=nein 1= ja | Q1: Region 1=Hand, 2= Fuß, 3= Wirbelsäule, 4= Schulter, 5= Knie, 6= Ellenbogen | R1: Datum
A2: 1 | B2: Tyrach, Beate | C2: 23328 | D2: 43416 | E2: PSA | F2: 1 | G2: 0 | H2: 3.3 | I2: 2.2 | J2: 2.1 | K2: =(I2*J2) -> 4.62 | L2: LWK 3
F4: 0 | G4: 1 | H4: 1.1 | I4: 0.6 | J4: 2.1 | K4: =(I4*J4) -> 1.26 | L4: MTP 4 links
F5: 0 | G5: 1 | H5: 2.1 | I5: 0.9 | J5: 1.8 | K5: =(I5*J5) -> 1.62 | L5: Hallux rechts
F6: 0 | G6: 1 | H6: 1.8 | I6: 1.1 | J6: 1 | K6: =(I6*J6) -> 1.1 | L6: AC-Gelenk links
F7: 0 | G7: 1 | H7: 1.7 | I7: 1 | J7: 1 | K7: =(I7*J7) -> 1 | L7: AC-Gelenk rechts
F8: 0 | G8: 1 | H8: 1.6 | I8: 1.4 | J8: 0.8 | K8: =(I8*J8) -> 1.12 | L8: SC-Gelenk links | M8: 1 | N8: 1 | P8: 1 | Q8: 3 | R8: 43294
A10: 2 | B10: Behne, Maik | C10: 30062 | D10: 43423 | E10: SPA | F10: 1 | G10: 0 | H10: 4.8 | I10: 2.8 | J10: 1.8 | K10: =(I10*J10) -> 5.04 | L10: HW4 li FG
F11: 1 | G11: 0 | H11: 4.5 | I11: 2.6 | J11: 3 | K11: =(I11*J11) -> 7.8 | L11: HWK 8 Proc. Spinosus
F12: 1 | G12: 0 | H12: 3.7 | I12: 2.5 | J12: 1.7 | K12: =(I12*J12) -> 4.25 | L12: HWK5 art. Costotransversalis
F13: 1 | G13: 0 | H13: 4.9 | I13: 2.7 | J13: 1.5 | K13: =(I13*J13) -> 4.05 | L13: BWK 8 Art. Costotransversale
F14: 1 | G14: 0 | H14: 4.9 | I14: 3 | J14: 1.2 | K14: =(I14*J14) -> 3.6 | L14: BWK 10 Art. Costotransversale
F15: 1 | G15: 0 | H15: 3.9 | I15: 2.5 | J15: 2.9 | K15: =(I15*J15) -> 7.25 | L15: LWK 5 FG
F16: 1 | G16: 0 | H16: 4.6 | I16: 2.1 | J16: 3.6 | K16: =(I16*J16) -> 7.56 | L16: ISG links
F17: 1 | G17: 0 | H17: 6.2 | I17: 3.7 | J17: 1.3 | K17: =(I17*J17) -> 4.81 | L17: Flexoren Oberschenkel links
F18: 1 | G18: 0 | H18: 5.4 | I18: 3 | J18: 5.8 | K18: =(I18*J18) -> 17.4 | L18: Flexoren Kniegelenk
F19: 1 | G19: 0 | H19: 5.1 | I19: 3.1 | J19: 2.2 | K19: =(I19*J19) -> 6.82 | L19: Flexoren Kniegelenk
F20: 1 | G20: 0 | H20: 5.2 | I20: 3.1 | J20: 1.6 | K20: =(I20*J20) -> 4.96 | L20: Flexoren Kniegelenk
F21: 1 | G21: 0 | H21: 4.1 | I21: 2.2 | J21: 2.1 | K21: =(I21*J21) -> 4.62 | L21: Peronaeus Sehne rechts
F22: 1 | G22: 0 | H22: 8.2 | I22: 4.7 | J22: 1.4 | K22: =(I22*J22) -> 6.58 | L22: Plantarsehne Dig V rechts
... F34: 0 | G34: 1 | H34: 2.7 | I34: 2.1 | J34: 1.3 | K34: =(I34*J34) -> 2.73 | L34: Daumensattelgelenk rechts
F35: 0 | G35: 1 | H35: 3.6 | I35: 2.1 | J35: 2.3 | K35: =(I35*J35) -> 4.83 | L35: rechts patellär | M35: 1 | N35: 1 | P35: 1 | Q35: 1,2,3 | R35: 43375
A37: 3 | B37: Pachur, Christina | C37: 27932 | D37: 43423 | E37: RA | F37: 1 | G37: 0 | H37: 6.5 | I37: 3.8 | J37: 1.6 | K37: =(I37*J37) -> 6.08 | L37: BWK 11
F38: 1 | G38: 0 | H38: 5.6 | I38: 3.2 | J38: 1.7 | K38: =(I38*J38) -> 5.44 | L38: Flexoren Oberschenkel
F39: 1 | G39: 0 | H39: 12.9 | I39: 7.7 | J39: 2.6 | K39: =(I39*J39) -> 20.02 | L39: Extensoren Sprunggelenk rechts
F40: 1 | G40: 0 | H40: 6.2 | I40: 3.6 | J40: 2.4 | K40: =(I40*J40) -> 8.64 | L40: Extensoren Hallux rechts
F41: 1 | G41: 0 | H41: 11.7 | I41: 7.1 | J41: 1 | K41: =(I41*J41) -> 7.1 | L41: Extensor poll brevis links
F42: 1 | G42: 0 | H42: 4.3 | I42: 3.5 | J42: 1.2 | K42: =(I42*J42) -> 4.2 | L42: DIP 2 links
F44: 0 | G44: 1 | H44: 2.7 | I44: 1.7 | J44: 1.1 | K44: =(I44*J44) -> 1.87 | L44: AC-Gelenk rechts
F45: 0 | G45: 1 | H45: 2.6 | I45: 1.8 | J45: 1.3 | K45: =(I45*J45) -> 2.34 | L45: AC-Gelenk links | M45: 1 | N45: 1 | P45: 1 | Q45: 1 | R45: 43410
A47: 4 | B47: Heckman, Clifton | C47: 24418 | D47: 43430 | E47: SPA | F47: 1 | G47: 0 | H47: 5 | I47: 2.9 | J47: 4.9 | K47: =(I47*J47) -> 14.21 | L47: HWK2/3 links
F48: 1 | G48: 0 | H48: 5.3 | I48: 3.3 | J48: 1.8 | K48: =(I48*J48) -> 5.94 | L48: Costoclavikulargelenk re
F49: 1 | G49: 0 | H49: 3.6 | I49: 2.5 | J49: 1.3 | K49: =(I49*J49) -> 3.25 | L49: Costotransversalgelenk
F50: 1 | G50: 0 | H50: 5.2 | I50: 2.9 | J50: 1.7 | K50: =(I50*J50) -> 4.93 | L50: Costotransversalgelenk BWK 11 re
F51: 1 | G51: 0 | H51: 4.6 | I51: 2.9 | J51: 1.6 | K51: =(I51*J51) -> 4.64 | L51: Costotransversalgelenk BWK 11 li
F52: 1 | G52: 0 | H52: 4.8 | I52: 3.9 | J52: 1 | K52: =(I52*J52) -> 3.9 | L52: LWK 4 re
F53: 1 | G53: 0 | H53: 3.9 | I53: 2.7 | J53: 1.5 | K53: =(I53*J53) -> 4.05 | L53: LWK 2
F54: 1 | G54: 0 | H54: 3.8 | I54: 2.8 | J54: 1.4 | K54: =(I54*J54) -> 3.92 | L54: Proc. Spinosus 5
F55: 1 | G55: 0 | H55: 3.2 | I55: 2.1 | J55: 1.4 | K55: =(I55*J55) -> 2.94 | L55: ISG links
F57: 0 | G57: 1 | H57: 2.4 | I57: 2.4 | J57: 0.8 | K57: =(I57*J57) -> 1.92 | L57: Hallux rechts | M57: 1 | N57: 1 | P57: 1 | Q57: 3 | R57: 43397
A59: 5 | B59: Tas, Afife | C59: 24171 | D59: 43437 | E59: PSA | F59: 1 | G59: 0 | H59: 4.1 | I59: 3.3 | J59: 1.8 | K59: =(I59*J59) -> 5.94 | L59: Fersensporn links
F61: 0 | G61: 1 | H61: 1.8 | I61: 1 | J61: 1 | K61: =(I61*J61) -> 1 | L61: AC-Gelenk links
F62: 0 | G62: 1 | H62: 1.9 | I62: 1.1 | J62: 1.1 | K62: =(I62*J62) -> 1.21 | L62: AC-Gelenk rechts
F63: 0 | G63: 1 | H63: 1.9 | I63: 1 | J63: 1.2 | K63: =(I63*J63) -> 1.2 | L63: Hallux links
F64: 0 | G64: 1 | H64: 1.8 | I64: 1.1 | J64: 1.3 | K64: =(I64*J64) -> 1.43 | L64: Hallux rechts | M64: 1 | N64: 1 | P64: 1 | Q64: 1 | R64: 43461
A66: 6 | B66: Oeser, Heidi | C66: 21589 | D66: 43444 | E66: SPA | F66: 1 | G66: 0 | H66: 7.7 | I66: 4.5 | J66: 4.2 | K66: =(I66*J66) -> 18.9 | L66: Sehne Troch. Major li
F67: 1 | G67: 0 | H67: 4.5 | I67: 2.7 | J67: 1.7 | K67: =(I67*J67) -> 4.59 | L67: Flexoren plantar li
F68: 1 | G68: 0 | H68: 5.1 | I68: 4.1 | J68: 1.2 | K68: =(I68*J68) -> 4.92 | L68: Flexoren plantar re
F69: 1 | G69: 0 | H69: 6 | I69: 3.7 | J69: 1.1 | K69: =(I69*J69) -> 4.07 | L69: Art. Tarsometartarsale rechts
F70: 1 | G70: 0 | H70: 6 | I70: 3.7 | J70: 1.2 | K70: =(I70*J70) -> 4.44 | L70: Art. Tarsometartarsale rechts
F71: 1 | G71: 0 | H71: 5.6 | I71: 3.2 | J71: 2.1 | K71: =(I71*J71) -> 6.72 | L71: Proc. Spinosus LWK 3
F72: 1 | G72: 0 | H72: 5.1 | I72: 3.4 | J72: 1.6 | K72: =(I72*J72) -> 5.44 | L72: Flexorensehne Beuger re
F74: 0 | G74: 1 | H74: 2.8 | I74: 1.6 | J74: 1.1 | K74: =(I74*J74) -> 1.76 | L74: AC-Gelenk rechts
F75: 0 | G75: 1 | H75: 2.7 | I75: 1.8 | J75: 1.3 | K75: =(I75*J75) -> 2.34 | L75: AC-Gelenk links
F76: 0 | G76: 1 | H76: 2.6 | I76: 1.8 | J76: 1.4 | K76: =(I76*J76) -> 2.52 | L76: LWK 5 FG li | M76: 1 | N76: 1 | P76: 1 | Q76: 3 | R76: 43424
A78: 7 | B78: Sindel, Friedrich | C78: 18099 | D78: 43472 | E78: RA | F78: 1 | G78: 0 | H78: 8.7 | I78: 4.9 | J78: 9.6 | K78: =(I78*J78) -> 47.04 | L78: Schulter re | O78: Bild ausgeprägte RA
F79: 1 | G79: 0 | H79: 9.4 | I79: 5.5 | J79: 8.2 | K79: =(I79*J79) -> 45.1 | L79: Schulter li
F80: 1 | G80: 0 | H80: 4 | I80: 2.5 | J80: 2 | K80: =(I80*J80) -> 5 | L80: LWK 1 FG li
F81: 1 | G81: 0 | H81: 4 | I81: 2.4 | J81: 1.5 | K81: =(I81*J81) -> 3.6 | L81: LWK 2 FG li
F82: 1 | G82: 0 | H82: 4 | I82: 2.6 | J82: 1.7 | K82: =(I82*J82) -> 4.42 | L82: LWK 3 FG li
F83: 1 | G83: 0 | H83: 4.9 | I83: 2.9 | J83: 1.2 | K83: =(I83*J83) -> 3.48 | L83: LWK 4 re
F84: 1 | G84: 0 | H84: 5.4 | I84: 3.2 | J84: 1.5 | K84: =(I84*J84) -> 4.8 | L84: LWK 5 re
F85: 1 | G85: 0 | H85: 13.3 | I85: 7.2 | J85: 6.1 | K85: =(I85*J85) -> 43.92 | L85: Hüftgelenk re
F86: 1 | G86: 0 | H86: 6 | I86: 3.2 | J86: 15.8 | K86: =(I86*J86) -> 50.56 | L86: Hüftgelenk li
F87: 1 | G87: 0 | H87: 6.7 | I87: 4.2 | J87: 4.3 | K87: =(I87*J87) -> 18.06 | L87: Sehne Tuber ischiadicum re
F88: 1 | G88: 0 | H88: 4.5 | I88: 2.7 | J88: 3.9 | K88: =(I88*J88) -> 10.53 | L88: Sehne Tuber ischiadicum li
F89: 1 | G89: 0 | H89: 8.1 | I89: 4.3 | J89: 4.5 | K89: =(I89*J89) -> 19.35 | L89: HWK 6 FG re
F90: 1 | G90: 0 | H90: 8 | I90: 4.5 | J90: 3.6 | K90: =(I90*J90) -> 16.2 | L90: HWK 6 proc. Spinosus
... F105: 0 | G105: 1 | H105: 2.1 | I105: 1.6 | J105: 1.1 | K105: =(I105*J105) -> 1.76 | L105: Hallux re
F106: 0 | G106: 1 | H106: 2.2 | I106: 1.7 | J106: 1 | K106: =(I106*J106) -> 1.7 | L106: Hallux li | M106: 1 | N106: 1 | P106: 1 | Q106: 4 | R106: 43343
A108: 8 | B108: Mahir, Guntram | C108: 23467 | D108: 43472 | E108: Spondylitis ankylosans | F108: 1 | G108: 0 | H108: 9 | I108: 4.9 | J108: 2.4 | K108: =(I108*J108) -> 11.76 | L108: HWK 3/4 FG li | O108: Bild Deg. Hand
F109: 1 | G109: 0 | H109: 4.8 | I109: 3.6 | J109: 1.5 | K109: =(I109*J109) -> 5.4 | L109: BWK 5/BWK 6 Knochenspange
F110: 1 | G110: 0 | H110: 4.8 | I110: 3 | J110: 2.2 | K110: =(I110*J110) -> 6.6 | L110: LWK 4/LWK 5 FG li
F111: 1 | G111: 0 | H111: 4.5 | I111: 2.6 | J111: 1.8 | K111: =(I111*J111) -> 4.68 | L111: LWK 4/LWK 5 FG re
F112: 1 | G112: 0 | H112: 4.9 | I112: 2.6 | J112: 1.9 | K112: =(I112*J112) -> 4.94 | L112: ISG links Knochenspange
F113: 1 | G113: 0 | H113: 6.1 | I113: 3.3 | J113: 1.4 | K113: =(I113*J113) -> 4.62 | L113: Kniegelenk links
F114: 1 | G114: 0 | H114: 3.4 | I114: 2.6 | J114: 1.5 | K114: =(I114*J114) -> 3.9 | L114: Extensorensehne MCP links III
F115: 1 | G115: 0 | H115: 3.9 | I115: 2.8 | J115: 1.2 | K115: =(I115*J115) -> 3.36 | L115: Extensorensehne MCP links III
F117: 0 | G117: 1 | H117: 2 | I117: 1.5 | J117: 0.8 | K117: =(I117*J117) -> 1.2 | L117: AC-Gelenk re
F118: 0 | G118: 1 | H118: 2 | I118: 1.6 | J118: 0.9 | K118: =(I118*J118) -> 1.44 | L118: AC-Gelenk li
F119: 0 | G119: 1 | H119: 2.2 | I119: 2.2 | J119: 0.9 | K119: =(I119*J119) -> 1.98 | L119: DIP 5 re
F120: 0 | G120: 1 | H120: 2.3 | I120: 1.9 | J120: 1.1 | K120: =(I120*J120) -> 2.09 | L120: DIP IV re
F121: 0 | G121: 1 | H121: 2.1 | I121: 1.8 | J121: 1.3 | K121: =(I121*J121) -> 2.34 | L121: DIP III re
... F123: 0 | G123: 1 | H123: 3.4 | I123: 2 | J123: 1.4 | K123: =(I123*J123) -> 2.8 | L123: Dip III li
F124: 0 | G124: 1 | H124: 1.9 | I124: 1.2 | J124: 1.8 | K124: =(I124*J124) -> 2.16 | L124: DIP II li | M124: 1 | N124: 1 | P124: 0
A126: 9 | B126: Popp-Kinzel, Erika | C126: 20776 | D126: 43479 | E126: Psoriasisarthritis | F126: 1 | G126: 0 | H126: 7.2 | I126: 4.2 | J126: 3.9 | K126: =(I126*J126) -> 16.38 | L126: MCP 2 re
F127: 1 | G127: 0 | H127: 4 | I127: 2.9 | J127: 1.2 | K127: =(I127*J127) -> 3.48 | L127: PIP 2 re
F128: 1 | G128: 0 | H128: 6 | I128: 3.8 | J128: 3.4 | K128: =(I128*J128) -> 12.92 | L128: MCP 2 li
F129: 1 | G129: 0 | H129: 7.4 | I129: 4.7 | J129: 1.2 | K129: =(I129*J129) -> 5.64 | L129: PIP 2 li
F130: 1 | G130: 0 | H130: 5.7 | I130: 3.5 | J130: 1.4 | K130: =(I130*J130) -> 4.9 | L130: MCP 3 li
F131: 1 | G131: 0 | H131: 4.7 | I131: 2.9 | J131: 1.9 | K131: =(I131*J131) -> 5.51 | L131: DIP 3 li
F133: 0 | G133: 1 | H133: 3.3 | I133: 2.7 | J133: 0.8 | K133: =(I133*J133) -> 2.16 | L133: HWK 2/3 li
F134: 0 | G134: 1 | H134: 2.8 | I134: 2.2 | J134: 1.1 | K134: =(I134*J134) -> 2.42 | L134: HWK 4/5 li
F135: 0 | G135: 1 | H135: 2.9 | I135: 2.4 | J135: 1.1 | K135: =(I135*J135) -> 2.64 | L135: BWK 2/BWK 3
F136: 0 | G136: 1 | H136: 2.1 | I136: 1.6 | J136: 0.5 | K136: =(I136*J136) -> 0.8 | L136: BWK 8 | O136: Bild Degenerative Osteochondrose
F137: 0 | G137: 1 | H137: 3.2 | I137: 2.1 | J137: 1.2 | K137: =(I137*J137) -> 2.52 | L137: LWK 4 re | O137: Bild Degenerative FG
F138: 0 | G138: 1 | H138: 2.9 | I138: 1.9 | J138: 1.9 | K138: =(I138*J138) -> 3.61 | L138: SC Gelenk li
F139: 0 | G139: 1 | H139: 2.2 | I139: 1.7 | J139: 1.1 | K139: =(I139*J139) -> 1.87 | L139: Kniegelenk re | M139: 1 | N139: 1 | P139: 1 | Q139: 2 | R139: 43417
A141: 10 | B141: Klein, Christine | C141: 21637 | D141: 43486 | E141: Rheumatoide Arthritis | F141: 1 | G141: 0 | H141: 6.3 | I141: 3.8 | J141: 2.1 | K141: =(I141*J141) -> 7.98 | L141: HWK 2 li FG
F142: 1 | G142: 0 | H142: 6.9 | I142: 4.1 | J142: 1.2 | K142: =(I142*J142) -> 4.92 | L142: LWK 3/LWK 4 re
...

Sheet Follow-up DEGINF
B1: Name | C1: Geburtsdatum | D1: Scandatum | E1: Indikation | F1: INF | G1: DEG | H1: SUV max | I1: SUV mean | J1: MAV | K1: TL-FAPI | L1: Lokalisation | M1: DEG gesamt | N1: INF gesamt | Q1: Therapiemedikament | T1: MRT 0=nein 1= ja | U1: Region 1=Hand, 2= Fuß, 3= Wirbelsäule | V1: Datum
A2: 1 | B2: Heckman, Clifton | C2: 24418 | D2: 43430 | E2: SpA | F2: 1 | G2: 0 | H2: 5 | I2: 2.9 | J2: 4.9 | K2: =(I2*J2) -> 14.21 | L2: HWK2/3 links
F3: 1 | G3: 0 | H3: 5.3 | I3: 3.3 | J3: 1.8 | K3: =(I3*J3) -> 5.94 | L3: Costoclavikulargelenk re
F4: 1 | G4: 0 | H4: 3.6 | I4: 2.5 | J4: 1.3 | K4: =(I4*J4) -> 3.25 | L4: Costotransversalgelenk
F5: 1 | G5: 0 | H5: 5.2 | I5: 2.9 | J5: 1.7 | K5: =(I5*J5) -> 4.93 | L5: Costotransversalgelenk BWK 11 re
F6: 1 | G6: 0 | H6: 4.6 | I6: 2.9 | J6: 1.6 | K6: =(I6*J6) -> 4.64 | L6: Costotransversalgelenk BWK 11 li
F7: 1 | G7: 0 | H7: 4.8 | I7: 3.9 | J7: 1 | K7: =(I7*J7) -> 3.9 | L7: LWK 4 re
F8: 1 | G8: 0 | H8: 3.9 | I8: 2.7 | J8: 1.5 | K8: =(I8*J8) -> 4.05 | L8: LWK 2
F9: 1 | G9: 0 | H9: 3.8 | I9: 2.8 | J9: 1.4 | K9: =(I9*J9) -> 3.92 | L9: Proc. Spinosus 5
F10: 1 | G10: 0 | H10: 3.2 | I10: 2.1 | J10: 1.4 | K10: =(I10*J10) -> 2.94 | L10: ISG links
F11: 0 | G11: 1 | H11: 2.4 | I11: 2.4 | J11: 0.3 | K11: =(I11*J11) -> 0.72 | L11: Hallux rechts | M11: 1 | N11: 1 | T11: 1 | U11: 3 | V11: 43397
D15: 43654 | F15: 1 | G15: 0 | H15: 0 | I15: 0 | J15: 0 | K15: =(I15*J15) -> 0 | L15: HWK2/3 links
F16: 1 | G16: 0 | H16: 5.4 | I16: 3.2 | J16: 1.8 | K16: =(I16*J16) -> 5.76 | L16: Costoclavikulargelenk re
F17: 1 | G17: 0 | H17: 0 | I17: 0 | J17: 0 | K17: =(I17*J17) -> 0 | L17: Costotransversalgelenk
F18: 1 | G18: 0 | H18: 0 | I18: 0 | J18: 0 | K18: =(I18*J18) -> 0 | L18: Costotransversalgelenk BWK 11 re
F19: 1 | G19: 0 | H19: 0 | I19: 0 | J19: 0 | K19: =(I19*J19) -> 0 | L19: Costotransversalgelenk BWK 11 li
F20: 1 | G20: 0 | H20: 0 | I20: 0 | J20: 0 | K20: =(I20*J20) -> 0 | L20: LWK 4 re
F21: 1 | G21: 0 | H21: 3.2 | I21: 1.9 | J21: 0.8 | K21: =(I21*J21) -> 1.52 | L21: LWK 2
F22: 1 | G22: 0 | H22: 4.5 | I22: 2.7 | J22: 1.9 | K22: =(I22*J22) -> 5.13 | L22: Proc. Spinosus 5
F23: 1 | G23: 0 | H23: 5.6 | I23: 3.4 | J23: 3.2 | K23: =(I23*J23) -> 10.88 | L23: Schulter inks
F24: 1 | G24: 0 | H24: 0 | I24: 0 | J24: 0 | K24: =(I24*J24) -> 0 | L24: ISG links
F25: 0 | G25: 1 | H25: 2.5 | I25: 1.9 | J25: 0.4 | K25: =(I25*J25) -> 0.76 | L25: Hallux rechts | M25: 1 | N25: 1 | P25: Zunehmende Läsion Proc. Spinosus LWK 5 neue Läsion Schulter links
A27: 2 | B27: Pfister, Alois | C27: 23438 | D27: 43374 | E27: RA | F27: 1 | G27: 0 | H27: 4.8 | I27: 2 | J27: 17.7 | K27: =(I27*J27) -> 35.4 | L27: Schultergelenk li
F28: 1 | G28: 0 | H28: 13.9 | I28: 7.2 | J28: 14.4 | K28: =(I28*J28) -> 103.68 | L28: Kniegelenk re
F29: 1 | G29: 0 | H29: 10.2 | I29: 6 | J29: 0.9 | K29: =(I29*J29) -> 5.4 | L29: Art. Tibiofibularis li
F30: 1 | G30: 0 | H30: 10 | I30: 5.3 | J30: 3 | K30: =(I30*J30) -> 15.9 | L30: OSG li
F31: 1 | G31: 0 | H31: 10 | I31: 5 | J31: 3.9 | K31: =(I31*J31) -> 19.5 | L31: USG li
F32: 1 | G32: 0 | H32: 8.8 | I32: 5.8 | J32: 2.1 | K32: =(I32*J32) -> 12.18 | L32: Achillessehne re
F33: 1 | G33: 0 | H33: 10.2 | I33: 6 | J33: 2.3 | K33: =(I33*J33) -> 13.8 | L33: Großzehenendgelenk re
F34: 1 | G34: 0 | H34: 6.1 | I34: 3.6 | J34: 5.7 | K34: =(I34*J34) -> 20.52 | L34: links carpal
F35: 1 | G35: 0 | H35: 8.4 | I35: 4.7 | J35: 3.1 | K35: =(I35*J35) -> 14.57 | L35: rechts ulnocarpal
F36: 1 | G36: 0 | H36: 7.7 | I36: 4.4 | J36: 1.7 | K36: =(I36*J36) -> 7.48 | L36: rechts radiocarpal
F37: 1 | G37: 0 | H37: 4.1 | I37: 2.5 | J37: 1.1 | K37: =(I37*J37) -> 2.75 | L37: 4. Zehe re
F39: 0 | G39: 1 | H39: 3.2 | I39: 2.2 | J39: 0.7 | K39: =(I39*J39) -> 1.54 | L39: links patellär | M39: 1 | N39: 1
F41: 1 | G41: 0 | H41: 0 | I41: 0 | J41: 0 | K41: =(I41*J41) -> 0 | L41: Schultergelenk li
F42: 1 | G42: 0 | H42: 4 | I42: 1.9 | J42: 21.8 | K42: =(I42*J42) -> 41.42 | L42: Kniegelenk re
F43: 1 | G43: 0 | H43: 0 | I43: 0 | J43: 0 | K43: =(I43*J43) -> 0 | L43: Art. Tibiofibularis li
F44: 1 | G44: 0 | H44: 0 | I44: 0 | J44: 0 | K44: =(I44*J44) -> 0 | L44: OSG li
F45: 1 | G45: 0 | H45: 0 | I45: 0 | J45: 0 | K45: =(I45*J45) -> 0 | L45: USG li
F46: 1 | G46: 0 | H46: 0 | I46: 0 | J46: 0 | K46: =(I46*J46) -> 0 | L46: Achillessehne re
F47: 1 | G47: 0 | H47: 0 | I47: 0 | J47: 0 | K47: =(I47*J47) -> 0 | L47: Großzehenendgelenk re
F48: 1 | G48: 0 | H48: 0 | I48: 0 | J48: 0 | K48: =(I48*J48) -> 0 | L48: links carpal
F49: 1 | G49: 0 | H49: 0 | I49: 0 | J49: 0 | K49: =(I49*J49) -> 0 | L49: rechts ulnocarpal
F50: 1 | G50: 0 | H50: 0 | I50: 0 | J50: 0 | K50: =(I50*J50) -> 0 | L50: rechts radiocarpal
F51: 1 | G51: 0 | H51: 0 | I51: 0 | J51: 0 | K51: =(I51*J51) -> 0 | L51: 4. Zehe re
F53: 0 | G53: 1 | H53: 0 | I53: 0 | J53: 0 | K53: =(I53*J53) -> 0 | L53: links patellär | M53: 1 | N53: 0 | P53: Deg. Li patellär weg | T53: 0
A55: 3 | B55: Behne, Maik | C55: 30062 | D55: 43423 | E55: SpA | F55: 1 | G55: 0 | H55: 4.8 | I55: 2.8 | J55: 1.8 | K55: =(I55*J55) -> 5.04 | L55: HW4 li FG
F56: 1 | G56: 0 | H56: 4.5 | I56: 2.6 | J56: 3 | K56: =(I56*J56) -> 7.8 | L56: HWK 8 Proc. Spinosus
F57: 1 | G57: 0 | H57: 3.7 | I57: 2.5 | J57: 1.7 | K57: =(I57*J57) -> 4.25 | L57: HWK5 art. Costotransversalis
F58: 1 | G58: 0 | H58: 4.9 | I58: 2.7 | J58: 1.5 | K58: =(I58*J58) -> 4.05 | L58: BWK 8 Art. Costotransversale
F59: 1 | G59: 0 | H59: 4.9 | I59: 3 | J59: 1.2 | K59: =(I59*J59) -> 3.6 | L59: BWK 10 Art. Costotransversale
F60: 1 | G60: 0 | H60: 3.9 | I60: 2.5 | J60: 2.9 | K60: =(I60*J60) -> 7.25 | L60: LWK 5 FG
F61: 1 | G61: 0 | H61: 4.6 | I61: 2.1 | J61: 3.6 | K61: =(I61*J61) -> 7.56 | L61: ISG links
F62: 1 | G62: 0 | H62: 6.2 | I62: 3.7 | J62: 1.3 | K62: =(I62*J62) -> 4.81 | L62: Flexoren Oberschenkel links
F63: 1 | G63: 0 | H63: 5.4 | I63: 3 | J63: 5.8 | K63: =(I63*J63) -> 17.4 | L63: Flexoren Kniegelenk
F64: 1 | G64: 0 | H64: 5.1 | I64: 3.1 | J64: 2.2 | K64: =(I64*J64) -> 6.82 | L64: Flexoren Kniegelenk
F65: 1 | G65: 0 | H65: 5.2 | I65: 3.1 | J65: 1.6 | K65: =(I65*J65) -> 4.96 | L65: Flexoren Kniegelenk
F66: 1 | G66: 0 | H66: 4.1 | I66: 2.2 | J66: 2.1 | K66: =(I66*J66) -> 4.62 | L66: Peronaeus Sehne rechts
F67: 1 | G67: 0 | H67: 8.2 | I67: 4.7 | J67: 1.4 | K67: =(I67*J67) -> 6.58 | L67: Plantarsehne Dig V rechts
... F79: 0 | G79: 1 | H79: 2.7 | I79: 2.1 | J79: 1.3 | K79: =(I79*J79) -> 2.73 | L79: Daumensattelgelenk rechts
F80: 0 | G80: 1 | H80: 3.6 | I80: 2.1 | J80: 2.3 | K80: =(I80*J80) -> 4.83 | L80: rechts patellär | M80: 1 | N80: 1 | T80: 1 | U80: 1,2,3 | V80: 43375
D82: 43682 | F82: 1 | G82: 0 | H82: 0 | I82: 0 | J82: 1.8 | K82: =(I82*J82) -> 0 | L82: HW4 li FG
F83: 1 | G83: 0 | H83: 0 | I83: 0 | J83: 0 | K83: =(I83*J83) -> 0 | L83: HWK 8 Proc. Spinosus
F84: 1 | G84: 0 | H84: 0 | I84: 0 | J84: 0 | K84: =(I84*J84) -> 0 | L84: HWK5 art. Costotransversalis
F85: 1 | G85: 0 | H85: 0 | I85: 0 | J85: 0 | K85: =(I85*J85) -> 0 | L85: BWK 8 Art. Costotransversale
F86: 1 | G86: 0 | H86: 0 | I86: 0 | J86: 0 | K86: =(I86*J86) -> 0 | L86: BWK 10 Art. Costotransversale
F87: 1 | G87: 0 | H87: 0 | I87: 0 | J87: 0 | K87: =(I87*J87) -> 0 | L87: LWK 5 FG
F88: 1 | G88: 0 | H88: 0 | I88: 0 | J88: 0 | K88: =(I88*J88) -> 0 | L88: ISG links
F89: 1 | G89: 0 | H89: 0 | I89: 0 | J89: 0 | K89: =(I89*J89) -> 0 | L89: Flexoren Oberschenkel links
F90: 1 | G90: 0 | H90: 0 | I90: 0 | J90: 0 | K90: =(I90*J90) -> 0 | L90: Flexoren Kniegelenk
F91: 1 | G91: 0 | H91: 0 | I91: 0 | J91: 0 | K91: =(I91*J91) -> 0 | L91: Flexoren Kniegelenk
F92: 1 | G92: 0 | H92: 0 | I92: 0 | J92: 0 | K92: =(I92*J92) -> 0 | L92: Flexoren Kniegelenk
F93: 1 | G93: 0 | H93: 0 | I93: 0 | J93: 0 | K93: =(I93*J93) -> 0 | L93: Peronaeus Sehne rechts
F94: 1 | G94: 0 | H94: 0 | I94: 0 | J94: 0 | K94: =(I94*J94) -> 0 | L94: Plantarsehne Dig V rechts
... F106: 0 | G106: 1 | H106: 0 | I106: 0 | J106: 0 | K106: =(I106*J106) -> 0 | L106: Daumensattelgelenk rechts
F107: 0 | G107: 1 | H107: 3.6 | I107: 2.1 | J107: 3.3 | K107: =(I107*J107) -> 6.93 | L107: rechts patellär | M107: 1 | N107: 1 | P107: rechts patellär bleibt
A109: 4 | B109: Mahir, Guntram | C109: 23467 | D109: 43472 | E109: SpA | F109: 1 | G109: 0 | H109: 9 | I109: 4.9 | J109: 2.4 | K109: =(I109*J109) -> 11.76 | L109: HWK 3/4 FG li
F110: 1 | G110: 0 | H110: 4.8 | I110: 3.6 | J110: 1.5 | K110: =(I110*J110) -> 5.4 | L110: BWK 5/BWK 6 Knochenspange
F111: 1 | G111: 0 | H111: 4.8 | I111: 3 | J111: 2.2 | K111: =(I111*J111) -> 6.6 | L111: LWK 4/LWK 5 FG li
F112: 1 | G112: 0 | H112: 4.5 | I112: 2.6 | J112: 1.8 | K112: =(I112*J112) -> 4.68 | L112: LWK 4/LWK 5 FG re
F113: 1 | G113: 0 | H113: 4.9 | I113: 2.6 | J113: 1.9 | K113: =(I113*J113) -> 4.94 | L113: ISG links Knochenspange
F114: 1 | G114: 0 | H114: 6.1 | I114: 3.3 | J114: 1.4 | K114: =(I114*J114) -> 4.62 | L114: Kniegelenk links
F115: 1 | G115: 0 | H115: 3.4 | I115: 2.6 | J115: 1.5 | K115: =(I115*J115) -> 3.9 | L115: Extensorensehne MCP links III
F116: 1 | G116: 0 | H116: 3.9 | I116: 2.8 | J116: 1.2 | K116: =(I116*J116) -> 3.36 | L116: Extensorensehne MCP links III
F118: 0 | G118: 1 | H118: 2 | I118: 1.5 | J118: 0.8 | K118: =(I118*J118) -> 1.2 | L118: AC-Gelenk re
F119: 0 | G119: 1 | H119: 2 | I119: 1.6 | J119: 0.9 | K119: =(I119*J119) -> 1.44 | L119: AC-Gelenk li
F120: 0 | G120: 1 | H120: 2.2 | I120: 2.2 | J120: 0.9 | K120: =(I120*J120) -> 1.98 | L120: DIP 5 re
F121: 0 | G121: 1 | H121: 2.3 | I121: 1.9 | J121: 1.1 | K121: =(I121*J121) -> 2.09 | L121: DIP IV re
F122: 0 | G122: 1 | H122: 2.1 | I122: 1.8 | J122: 1.3 | K122: =(I122*J122) -> 2.34 | L122: DIP III re
... F124: 0 | G124: 1 | H124: 3.4 | I124: 2 | J124: 1.4 | K124: =(I124*J124) -> 2.8 | L124: Dip III li
F125: 0 | G125: 1 | H125: 1.9 | I125: 1.2 | J125: 1.8 | K125: =(I125*J125) -> 2.16 | L125: DIP II li | M125: 1 | N125: 1
D127: 43738 | F127: 1 | G127: 0 | H127: 5.2 | I127: 2.8 | J127: 5.2 | K127: =(I127*J127) -> 14.56 | L127: HWK 3/4 FG li
F128: 1 | G128: 0 | H128: 5.8 | I128: 3 | J128: 3.1 | K128: =(I128*J128) -> 9.3 | L128: BWK 5/BWK 6 Knochenspange
F129: 1 | G129: 0 | H129: 5.6 | I129: 3 | J129: 1.1 | K129: =(I129*J129) -> 3.3 | L129: LWK 4/LWK 5 FG li
F130: 1 | G130: 0 | H130: 0 | I130: 0 | J130: 0 | K130: =(I130*J130) -> 0 | L130: LWK 4/LWK 5 FG re
F131: 1 | G131: 0 | H131: 0 | I131: 0 | J131: 0 | K131: =(I131*J131) -> 0 | L131: ISG links Knochenspange
F132: 1 | G132: 0 | H132: 0 | I132: 0 | J132: 0 | K132: =(I132*J132) -> 0 | L132: Kniegelenk links
F133: 1 | G133: 0 | H133: 0 | I133: 0 | J133: 0 | K133: =(I133*J133) -> 0 | L133: Extensorensehne MCP links III
F134: 1 | G134: 0 | H134: 0 | I134: 0 | J134: 0 | K134: =(I134*J134) -> 0 | L134: Extensorensehne MCP links III
F136: 0 | G136: 1 | H136: 1.8 | I136: 1.3 | J136: 0.7 | K136: =(I136*J136) -> 0.91 | L136: AC-Gelenk re
...

Sheet FAPI-MRT
B1: Name | C1: Geburtsdatum | D1: Scandatum | E1: Indikation | F1: Region 1=Hand, 2= Fuß, 3= Wirbelsäule, 4= Schulter, 5= Knie, 6= Ellenbogen | G1: Datum
A2: 1 | B2: Tyrach, Beate | C2: 23328 | D2: 43416 | E2: PSA | F2: 3 | G2: 43294
A3: 2 | B3: Behne, Maik | C3: 30062 | D3: 43423 | E3: SPA | F3: 1,2,3 | G3: 43375
A4: 3 | B4: Pachur, Christina | C4: 27932 | D4: 43423 | E4: RA | F4: 1 | G4: 43410
A5: 4 | B5: Heckman, Clifton | C5: 24418 | D5: 43430 | E5: SPA | F5: 3 | G5: 43397
A6: 5 | B6: Oeser, Heidi | C6: 21589 | D6: 43444 | E6: SPA | F6: 3 | G6: 43424
A7: 6 | B7: Sindel, Friedrich | C7: 18099 | D7: 43472 | E7: RA | F7: 4 | G7: 43343
A8: 7 | B8: Popp-Kinzel, Erika | C8: 20776 | D8: 43479 | E8: Psoriasisarthritis | F8: 2 | G8: 43417
A9: 8 | B9: Stieb-Sackmann, Susanne | C9: 24023 | D9: 43493 | E9: Spondylarthropathie | F9: 2 | G9: 43479
A10: 9 | B10: Seuss, Gerlinde | C10: 23985 | D10: 43514 | E10: Rheumatoide Arthritis | F10: 3.4 | G10: 43347
A11: 10 | B11: Strahl, Petra | C11: 24436 | D11: 43521 | E11: Psoriasisarthritis | F11: 3 | G11: 43467
A12: 11 | B12: Hemman, Christiane | C12: 21899 | D12: 43521 | E12: Spondylarthropathie | F12: 1 | G12: 43755
A13: 12 | B13: Hirt, Renate | C13: 22404 | D13: 43549 | E13: Psoriasisarthritis | F13: 1 | G13: 43521
A14: 13 | B14: Blädel, Thorsten | C14: 27215 | D14: 43556 | E14: Spondylarthropathie | F14: 5 | G14: 43683
A15: 14 | B15: Pehlivan, Selda | C15: 26463 | D15: 43605 | E15: Psoriasisarthritis | F15: 3.5 | G15: 43605
... A20: 19 | B20: Sperl, Dan | C20: 25089 | D20: 43787 | E20: Spondylarthropathie | F20: 3 | G20: 43768
A21: 20 | B21: Saglibene, Loreto | C21: 21542 | D21: 43794 | E21: Psoriasisarthritis | F21: 1,3,4 | G21: 43818
A22: 21 | B22: Zink, Verena | C22: 30985 | D22: 43801 | E22: SpA | F22: 3 | G22: 43745
A23: 22 | B23: Günes, Serdar | C23: 30008 | D23: 43808 | E23: SpA | F23: 3 | G23: 44242
A24: 23 | B24: Lieke, Sandra | C24: 25193 | D24: 43815 | E24: pre-RA | F24: 1 | G24: 43719
A25: 24 | B25: Dinc, Arfe | C25: 23228 | D25: 43815 | E25: SpA | F25: 3 | G25: 43600
A26: 25 | B26: Conrad, Christian | C26: 22284 | D26: 43850 | E26: SpA | F26: 3 | G26: 43929
A27: 26 | B27: Raducu, Nicolae-Mihai | C27: 28212 | D27: 43854 | E27: SpA | F27: 3 | G27: 43815
A28: 27 | B28: Witkovsky, Cornelia | C28: 24547 | D28: 43854 | E28: Psoriasisarthritis | F28: 1 | G28: 43753
A29: 28 | B29: Anderson, Kristina | C29: 32258 | D29: 43857 | E29: SpA | F29: 1.3 | G29: 43699
A30: 29 | B30: Geyer, Achim | C30: 25439 | D30: 44088 | E30: Psoriasisarthritis | F30: 1 | G30: 44180
A31: 30 | B31: Daxenberger, Raphael | C31: 32194 | D31: 44092 | E31: SpA | F31: 1.3 | G31: 44004
A32: 31 | B32: Ruck, Wolfgang | C32: 24911 | D32: 44099 | E32: Prä-RA | F32: 1 | G32: 43998
A33: 32 | B33: Stöcklein,Tanja | C33: 28273 | D33: 44008 | E33: Prä-RA | F33: 2 | G33: 43843
... A48: 47 | B48: Gries, Ute | C48: 25500 | D48: 43927 | E48: SpA | F48: 4 | G48: 43986
A49: 48 | B49: Kittel,Karsten | C49: 30.02.1966 | D49: 43924 | E49: Rheumatoide Arthritis | F49: 3 | G49: 44094
A50: 49 | B50: Lustig, Drazen | C50: 26577 | D50: 43924 | E50: SpA | F50: 3 | G50: 43866
A51: 50 | B51: Rössle,Stefan | C51: 30246 | D51: 43924 | E51: SpA | F51: 1.3 | G51: 43928
A52: 51 | B52: Pabst,Rudolf | C52: 22028 | D52: 43906 | E52: Psoriasis Arthritis | F52: 1 | G52: 43895
A53: 52 | B53: Moßburger, Sandra | C53: 29676 | D53: 43903 | E53: Psoriasis Arthritis | F53: 1 | G53: 43935
A54: 53 | B54: Greif, Jürgen | C54: 21332 | D54: 44106 | E54: SpA | F54: 3 | G54: 44092
A55: 54 | B55: Söllner, Ute | C55: 22959 | D55: 44106 | E55: Rheumatoide Arthritis | F55: 1 | G55: 44084
A56: 55 | B56: Lohmann, Björn | C56: 26584 | D56: 44109 | E56: Psoriasisarthritis | F56: 6 | G56: 44148
A57: 56 | B57: Greif, Jürgen | C57: 21332 | D57: 44106 | E57: SpA | F57: 3 | G57: 44092
A58: 57 | B58: Bittner, Katja | C58: 24469 | D58: 44123 | E58: SpA | F58: 3 | G58: 44006
A59: 58 | B59: Nunold, Beatrice | C59: 21180 | D59: 44127 | E59: SpA | F59: 3 | G59: 44018
A60: 59 | B60: Pahic, Sebastian | C60: 32031 | D60: 44127 | E60: Psoriasisarthritis | F60: 3 | G60: 44084
A61: 60 | B61: Greiner, Lars | C61: 26611 | D61: 43941 | E61: Psoriasisarthritis | F61: 1 | G61: 44223
... A73: 72 | B73: Reul, Heidemarie | C73: 21583 | D73: 44235 | E73: Rheumatoide Arthritis | F73: 1.2 | G73: 44181

Sheet Histologie
A1: Name | B1: Geburtsdatum | C1: Scandatum 1. FAPI | D1: Indikation | E1: Datum 2. FAPI PET/CT | F1: Datum 1. FDG PET | G1: Datum 2. FDG PET | I1: Histologie im Soarian 0=nein, 1=ja | J1: Ort der Probenentnahme | K1: Datum der Probenentnahme
A2: Berisha, Astrit | B2: 31446 | C2: 43451 | D2: IgG 4-Syndrom | E2: 43717 | F2: 43551 | I2: Nein
A3: Schmitt, Emil | B3: 22492 | C3: 43479 | D3: IgG 4-Syndrom | I3: Ja | J3: Glandula sublingualis | K3: 41583
A4: Hos, Mete | B4: 26816 | C4: 43493 | D4: IgG 4-Syndrom | E4: 43689 | F4: 43490 | G4: 43690 | I4: Ja | J4: Tonsille links /Atherom link /Lymphknoten cervikal links | K4: 43392
A5: Seffert, Gerda | B5: 12290 | C5: 43507 | D5: IgG 4-Syndrom | I5: Nein
A6: Kraus, Andreas | B6: 19725 | C6: 43507 | D6: IgG 4-Syndrom | F6: 43501 | I6: Nein
A7: Lederer, Janina | B7: 33555 | C7: 43514 | D7: IgG 4-Syndrom | I7: Ja | J7: Retroperitonealer Tumor//Terminales Ileum | K7: 11.05.2018//11.12.2017
A8: Janosch, Vera | B8: 21725 | C8: 43521 | D8: IgG-4-Syndrom | F8: 43518 | I8: Ja | J8: Orbitale Raumforderung | K8: 43259
A9: Kollorz, Uwe | B9: 24925 | C9: 43605 | D9: IgG4 | F9: 43606 | I9: Ja | J9: Nierenstanzzylinder | K9: 42593
A10: Zipfel, Josef | B10: 20420 | C10: 43647 | D10: IgG4 | F10: 43648 | I10: Ja | J10: Weichgewebsprobe infraorbital links | K10: 43542
A11: Meier, Roland | B11: 21872 | C11: 43528 | D11: IgG-4-Syndrom | F11: 43531 | I11: Nein
A12: Thal, Hans-Günther | B12: 21814 | C12: 43528 | D12: IgG-4-Syndrom | F12: 43537 | I12: Nein
A13: Kohles, Cathrin | B13: 30190 | C13: 43752 | D13: IgG 4-Syndrom | I13: Nein

Sheet Auswertung IgG 4
B1: Name | C1: Geburtsdatum | D1: Datum 1. FAPI | E1: Datum 2. FAPI | F1: Datum 1. FDG | G1: Datum 2. FDG | H1: Number of lesions | I1: Location | J1: 1. FAPI SUVmax | K1: SUVpeak | L1: SUVmean | M1: MTV | N1: TLG | P1: FAPi pos CT neg. | T1: Aorta | U1: mean SUV max | W1: TBR FAPI | Y1: SUVmax pP | Z1: SUVpeak pP | AA1: SUV mean pP | AB1: MTV pP | AC1: TLG pP | AF1: wbTL-FAPI 1 | AG1: wbTL-FAPI 2 | AH1: wbTLG1 | AI1: wbTLG2 | AK1: Aorta | AL1: Muscle | AM1: Liver | AO1: 2. FAPI SUVmax | AP1: SUVpeak | AQ1: SUVmean | AR1: MTV | AS1: TLG | AT1: wbTL-FAPI 2 | AV1: Aorta | AW1: Muscle | AX1: Liver | AZ1: 1. FDG SUVmax | BA1: SUVpeak | BB1: SUVmean | BC1: MTV | BD1: TLG | BF1: Aorta | BG1: mean SUVmax | BI1: TBR FDG | BK1: SUVmax pP | BL1: SUVpeak pP | BM1: SUV mean pP | BN1: MTV pP | BO1: TLG pP | BQ1: Aorta | BR1: Muscle | BS1: Liver | BU1: 2. FDG SUVmax | BV1: SUVpeak | BW1: SUVmean | BX1: MTV | BY1: TLG | BZ1: wbTLG2 | CB1: Aorta | CC1: Muscle | CD1: Liver | CF1: Therapie | CJ1: FDG first | CK1: FDG second | CL1: FAPI first | CM1: FAPI second
A2: 1 | B2: Berisha, Astrit | C2: 31446 | D2: 43451 | E2: 43717 | F2: 43551 | G2: 43718 | H2: 1 | I2: links retroperitoneal mit Kontakt zur li Nebenniere | J2: 9.7 | K2: 6.6 | L2: 5.2 | M2: 7.4 | N2: =(L2*M2) -> 38.48 | R2: 1 | T2: 0.9 | W2: =J2/T2 -> 10.777778 | Y2: =J2 -> 9.7 | Z2: =K2 -> 6.6 | AA2: =L2 -> 5.2 | AB2: =M2 -> 7.4 | AC2: =N2 -> 38.48 | AE2: SD | AF2: 38.48 | AG2: 30.1 | AH2: 20.16 | AI2: 0 | AJ2: CR | AK2: 0.7 | AL2: 0.9 | AM2: 0.7 | AO2: 6.1 | AP2: 4.6 | AQ2: 3.5 | AR2: 8.6 | AS2: =(AQ2*AR2) -> 30.1 | AV2: 0.6 | AW2: 1.1 | AX2: 0.5 | AZ2: 8.1 | BA2: 5.7 | BB2: 4.8 | BC2: 4.2 | BD2: =(BB2*BC2) -> 20.16 | BF2: 1.7 | BI2: =(AZ2/BF2) -> 4.7647059 | BK2: 8.1 | BL2: 5.7 | BM2: 4.8 | BN2: 4.2 | BO2: =(BM2*BN2) -> 20.16 | BQ2: 1.7 | BR2: 0.5 | BS2: 2.3 | BU2: 0 | BV2: 0 | BW2: 0 | BX2: 0 | BY2: 0 | CB2: 1.6 | CC2: 0.5 | CD2: 2.3 | CF2: 2x Rituximab/Zuvor Cortison | CJ2: 272 | CK2: 281 | CL2: 141 | CM2: 152
A4: 2 | B4: Kraus, Andreas | C4: 19725 | D4: 43507 | E4: 43745 | F4: 43501 | G4: 43746 | H4: 1 | I4: Aorta abdominalis | J4: 7.1 | K4: 5.5 | L4: 3.7 | M4: 29.9 | N4: =(L4*M4) -> 110.63 | R4: 1 | T4: 0.8 | W4: =J4/T4 -> 8.875 | Y4: =J4 -> 7.1 | Z4: =K4 -> 5.5 | AA4: =L4 -> 3.7 | AB4: =M4 -> 29.9 | AC4: =N4 -> 110.63 | AE4: PR | AF4: 110.63 | AG4: 32.56 | AH4: 101.52 | AI4: 0 | AJ4: CR | AK4: 0.8 | AL4: 0.9 | AM4: 0.4 | AO4: 4.2 | AP4: 2.8 | AQ4: 2.2 | AR4: 14.8 | AS4: =(AQ4*AR4) -> 32.56 | AV4: 1.1 | AW4: 1.2 | AX4: 0.5 | AZ4: 5 | BA4: 4 | BB4: 2.7 | BC4: 37.6 | BD4: =(BB4*BC4) -> 101.52 | BF4: 1.5 | BI4: =(AZ4/BF4) -> 3.3333333 | BK4: 5 | BL4: 4 | BM4: 2.7 | BN4: 37.6 | BO4: =(BM4*BN4) -> 101.52 | BQ4: 1.5 | BR4: 0.6 | BS4: 2.2 | BU4: 0 | BV4: 0 | BW4: 0 | BX4: 0 | BY4: 0 | CB4: 1.5 | CC4: 0.6 | CD4: 2.4 | CF4: 4xRituximab | CJ4: 202 | CK4: 212 | CL4: 134 | CM4: 142
A6: 3 | B6: Kollorz, Uwe | C6: 24925 | D6: 43605 | E6: 43766 | F6: 43606 | G6: 43767 | H6: 1 | I6: Intracerebral occipital | J6: 10.3 | K6: 4.4 | L6: 6.5 | M6: 1.8 | N6: =(L6*M6) -> 11.7 | P6: 1 | R6: 14 | T6: 0.7 | U6: =AVERAGE(J6:J19) -> 6.9214286 | W6: =(U6/T6) -> 9.8877551 | Y6: =MAX(J6:J19) -> 11.9 | Z6: =AVERAGE(K6:K19) -> 4.6571429 | AA6: =AVERAGE(L6:L19) -> 4.0428571 | AB6: =AVERAGE(M6:M19) -> 10.271429 | AC6: =AVERAGE(N6:N19) -> 47.83 | AE6: PR | AF6: =SUM(N6:N19) -> 669.62 | AG6: =SUM(AS6:AS19) -> 146.33 | AH6: 425.65 | AI6: 8.1 | AJ6: PR | AK6: 0.7 | AL6: 0.8 | AM6: 0.5 | AO6: 1.8 | AP6: 1.2 | AQ6: 1.2 | AR6: 1.6 | AS6: =(AQ6*AR6) -> 1.92 | AV6: 0.7 | AW6: 0.8 | AX6: 0.5 | AZ6: 12.8 | BA6: 10.2 | BB6: 8.9 | BC6: 3.5 | BD6: =(BB6*BC6) -> 31.15 | BF6: 1.8 | BG6: =AVERAGE(AZ6:AZ19) -> 6.0923077 | BI6: =(BG6/BF6) -> 3.3846154 | BK6: =MAX(AZ6:AZ19) -> 14.4 | BL6: =AVERAGE(BA6:BA19) -> 4.5692308 | BM6: =AVERAGE(BB8:BB19) -> 3.3916667 | BN6: =AVERAGE(BC8:BC19) -> 8.85 | BO6: =AVERAGE(BD8:BD19) -> 32.875 | BQ6: 1.8 | BR6: 0.6 | BS6: 2.2 | BU6: 0 | BV6: 0 | BW6: 0 | BX6: 0 | BY6: 0 | CB6: 1.7 | CC6: 0.6 | CD6: 2.2 | CJ6: 205 | CK6: 204 | CL6: 116 | CM6: 122
H7: 1 | I7: Intracerebral rechts temporooccipital | J7: 3.3 | K7: 1.4 | L7: 2.1 | M7: 1.1 | N7: =(L7*M7) -> 2.31 | P7: 1 | AO7: 1.1 | AP7: 0.7 | AQ7: 0.7 | AR7: 0.9 | AS7: =(AQ7*AR7) -> 0.63 | BU7: nd | BV7: nd | BW7: nd | BX7: nd | BY7: nd
H8: 1 | I8: Sinus cavernosus | J8: 11.9 | K8: 7.7 | L8: 6.8 | M8: 5.9 | N8: =(L8*M8) -> 40.12 | AO8: 3.7 | AP8: 2.6 | AQ8: 2.1 | AR8: 5.9 | AS8: =(AQ8*AR8) -> 12.39 | AZ8: 14.4 | BA8: 10.3 | BB8: 8 | BC8: 8.3 | BD8: =(BB8*BC8) -> 66.4 | BU8: 0 | BV8: 0 | BW8: 0 | BX8: 0 | BY8: 0
H9: 1 | I9: Aortenbogen | J9: 11.3 | K9: 7.7 | L9: 6.3 | M9: 23.6 | N9: =(L9*M9) -> 148.68 | AO9: 4.2 | AP9: 3.1 | AQ9: 2.3 | AR9: 18 | AS9: =(AQ9*AR9) -> 41.4 | AZ9: 8.6 | BA9: 5.9 | BB9: 4.7 | BC9: 21.5 | BD9: =(BB9*BC9) -> 101.05 | BU9: 2.7 | BV9: 2.3 | BW9: 1.8 | BX9: 4.5 | BY9: =(BW9*BX9) -> 8.1
H10: 1 | I10: Aorta thoracalis | J10: 8.8 | K10: 6.4 | L10: 4.6 | M10: 49.9 | N10: =(L10*M10) -> 229.54 | AO10: 4.1 | AP10: 3 | AQ10: 2.2 | AR10: 19.1 | AS10: =(AQ10*AR10) -> 42.02 | AZ10: 7.7 | BA10: 4.8 | BB10: 3.8 | BC10: 26 | BD10: =(BB10*BC10) -> 98.8 | BU10: 0 | BV10: 0 | BW10: 0 | BX10: 0 | BY10: 0
H11: 1 | I11: Aorta abdominalis | J11: 7.6 | K11: 5 | L11: 3.9 | M11: 15.3 | N11: =(L11*M11) -> 59.67 | AO11: 3 | AP11: 2.4 | AQ11: 1.6 | AR11: 11 | AS11: =(AQ11*AR11) -> 17.6 | AZ11: 4.3 | BA11: 2.9 | BB11: 2.2 | BC11: 31 | BD11: =(BB11*BC11) -> 68.2 | BU11: 0 | BV11: 0 | BW11: 0 | BX11: 0 | BY11: 0
H12: 1 | I12: Art. Iliaca rechts | J12: 5.1 | K12: 3.2 | L12: 2.7 | M12: 4.7 | N12: =(L12*M12) -> 12.69 | AO12: 1.8 | AP12: 1.6 | AQ12: 1.5 | AR12: 2.2 | AS12: =(AQ12*AR12) -> 3.3 | AZ12: 2.9 | BA12: 2.3 | BB12: 2.1 | BC12: 2.4 | BD12: =(BB12*BC12) -> 5.04 | BU12: 0 | BV12: 0 | BW12: 0 | BX12: 0 | BY12: 0
H13: 1 | I13: Art. Iliaca links | J13: 6.8 | K13: 4.6 | L13: 3.9 | M13: 4.3 | N13: =(L13*M13) -> 16.77 | AO13: 2.5 | AP13: 2 | AQ13: 1.4 | AR13: 2.1 | AS13: =(AQ13*AR13) -> 2.94 | AZ13: 3.1 | BA13: 2.7 | BB13: 2.2 | BC13: 3.3 | BD13: =(BB13*BC13) -> 7.26 | BU13: 0 | BV13: 0 | BW13: 0 | BX13: 0 | BY13: 0
H14: 1 | I14: Art. femoralis links | J14: 2.6 | K14: 2.1 | L14: 1.9 | M14: 1.9 | N14: =(L14*M14) -> 3.61 | AO14: 1.4 | AP14: 1.2 | AQ14: 1.1 | AR14: 1.2 | AS14: =(AQ14*AR14) -> 1.32 | AZ14: 2.9 | BA14: 1.9 | BB14: 2 | BC14: 1 | BD14: =(BB14*BC14) -> 2 | BU14: 0 | BV14: 0 | BW14: 0 | BX14: 0 | BY14: 0
H15: 1 | I15: Art. femoralis rechts | J15: 3.6 | K15: 2.4 | L15: 2.2 | M15: 2.8 | N15: =(L15*M15) -> 6.16 | AO15: 2.1 | AP15: 2 | AQ15: 1.9 | AR15: 2.1 | AS15: =(AQ15*AR15) -> 3.99 | AZ15: 2.5 | BA15: 1.9 | BB15: 2 | BC15: 1.1 | BD15: =(BB15*BC15) -> 2.2 | BU15: 0 | BV15: 0 | BW15: 0 | BX15: 0 | BY15: 0
H16: 1 | I16: links infraorbital | J16: 3.2 | K16: 2.3 | L16: 2 | M16: 3 | N16: =(L16*M16) -> 6 | AO16: 2.4 | AP16: 2 | AQ16: 1.8 | AR16: 2.8 | AS16: =(AQ16*AR16) -> 5.04 | AZ16: 3.6 | BA16: 3.2 | BB16: 2.5 | BC16: 1.7 | BD16: =(BB16*BC16) -> 4.25 | BU16: 0 | BV16: 0 | BW16: 0 | BX16: 0 | BY16: 0
H17: 1 | I17: A. iliaca communis links | J17: 5.1 | K17: 3.3 | L17: 3.1 | M17: 1.9 | N17: =(L17*M17) -> 5.89 | AO17: 2.3 | AP17: 1.7 | AQ17: 1.6 | AR17: 1 | AS17: =(AQ17*AR17) -> 1.6 | AZ17: 3.9 | BA17: 3.2 | BB17: 2.9 | BC17: 1.4 | BD17: =(BB17*BC17) -> 4.06 | BU17: 0 | BV17: 0 | BW17: 0 | BX17: 0 | BY17: 0
H18: 1 | I18: Rechte Niere | J18: 6.9 | K18: 6.6 | L18: 4.2 | M18: 22.8 | N18: =(L18*M18) -> 95.76 | AO18: 2.4 | AP18: 1.8 | AQ18: 1.7 | AR18: 4.2 | AS18: =(AQ18*AR18) -> 7.14 | AZ18: 6.2 | BA18: 5 | BB18: 4.2 | BC18: 3.9 | BD18: =(BB18*BC18) -> 16.38 | BU18: 0 | BV18: 0 | BW18: 0 | BX18: 0 | BY18: 0
H19: 1 | I19: Linke Niere | J19: 10.4 | K19: 8.1 | L19: 6.4 | M19: 4.8 | N19: =(L19*M19) -> 30.72 | AO19: 2.5 | AP19: 1.9 | AQ19: 1.8 | AR19: 2.8 | AS19: =(AQ19*AR19) -> 5.04 | AZ19: 6.3 | BA19: 5.1 | BB19: 4.1 | BC19: 4.6 | BD19: =(BB19*BC19) -> 18.86 | BU19: 0 | BV19: 0 | BW19: 0 | BX19: 0 | BY19: 0
A21: 4 | B21: Meier, Roland | C21: 21872 | D21: 43528 | E21: 43759 | F21: 43531 | G21: 43760 | H21: 1 | I21: retroperitoneal | J21: 8.9 | K21: 5.6 | L21: 5.1 | M21: 2.7 | N21: =(L21*M21) -> 13.77 | R21: 1 | T21: 0.9 | W21: =J21/T21 -> 9.8888889 | Y21: =J21 -> 8.9 | Z21: =K21 -> 5.6 | AA21: =L21 -> 5.1 | AB21: =M21 -> 2.7 | AC21: =N21 -> 13.77 | AE21: CR | AF21: 13.77 | AG21: 0 | AH21: 9.4 | AI21: 0 | AJ21: CR | AK21: 0.9 | AL21: 1 | AM21: 0.4 | AO21: 0 | AP21: 0 | AQ21: 0 | AR21: 0 | AS21: 0 | AV21: 1 | AW21: 0.9 | AX21: 0.3 | AZ21: 3.9 | BA21: 3.2 | BB21: 2.6 | BC21: 3.6 | BD21: =(BB21*BC21) -> 9.36 | BF21: 1.5 | BI21: =(AZ21/BF21) -> 2.6 | BK21: 3.9 | BL21: 3.2 | BM21: 2.6 | BN21: 3.6 | BO21: =(BM21*BN21) -> 9.36 | BQ21: 1.5 | BR21: 0.6 | BS21: 2.3 | BU21: 0 | BV21: 0 | BW21: 0 | BX21: 0 | BY21: 0 | CB21: 1.7 | CC21: 0.6 | CD21: 2.5 | CF21: 2xRituximab | CJ21: 214 | CK21: 221 | CL21: 169 | CM21: 165
A23: 5 | B23: Zipfel, Josef | C23: 20420 | D23: 43647 | F23: 43648 | H23: 1 | I23: links infraorbital | J23: 3.2 | K23: 2.3 | L23: 2 | M23: 3 | N23: =(L23*M23) -> 6 | R23: 2 | T23: 0.9 | U23: =AVERAGE(J23:J24) -> 4.45 | W23: =(U23/T23) -> 4.9444444 | Y23: =MAX(J23:J24) -> 5.7 | Z23: =AVERAGE(K23:K24) -> 2.95 | AA23: =AVERAGE(L23:L24) -> 2.7 | AB23: =AVERAGE(M23:M24) -> 2.35 | AC23: =AVERAGE(N23:N24) -> 5.89 | AE23: PR | AF23: =SUM(N23:N24) -> 11.78 | AG23: =SUM(AS23:AS24) -> 5.44 | AH23: =SUM(BD23:BD24) -> 9.45 | AI23: 0 | AJ23: CR | AK23: 0.9 | AL23: 0.8 | AM23: 0.3 | AO23: 1.6 | AP23: 1.4 | AQ23: 1.2 | AR23: 2.4 | AS23: =(AQ23*AR23) -> 2.88 | AV23: 0.9 | AW23: 0.8 | AX23: 0.3 | AZ23: 3.6 | BA23: 3.2 | BB23: 2.5 | BC23: 1.7 | BD23: =(BB23*BC23) -> 4.25 | BF23: 1.8 | BG23: =AVERAGE(AZ23:AZ24) -> 3.6 | BI23: =(BG23/BF23) -> 2 | BK23: =MAX(AZ23:AZ24) -> 3.6 | BL23: =AVERAGE(BA23:BA24) -> 3 | BM23: =AVERAGE(BB23:BB24) -> 2.55 | BN23: =AVERAGE(BC23:BC24) -> 1.85 | BO23: =AVERAGE(BD23:BD24) -> 4.725 | BQ23: 1.8 | BR23: 0.5 | BS23: 2.3 | BU23: 0 | BV23: 0 | BW23: 0 | BX23: 0 | BY23: 0 | CB23: 1.8 | CC23: 0.4 | CD23: 2.2 | CJ23: 196 | CK23: 204 | CL23: 122 | CM23: 132
H24: 1 | I24: Parotis rechts | J24: 5.7 | K24: 3.6 | L24: 3.4 | M24: 1.7 | N24: =(L24*M24) -> 5.78 | P24: 1 | AO24: 2.9 | AP24: 2.3 | AQ24: 1.6 | AR24: 1.6 | AS24: =(AQ24*AR24) -> 2.56 | AZ24: 3.6 | BA24: 2.8 | BB24: 2.6 | BC24: 2 | BD24: =(BB24*BC24) -> 5.2 | BU24: 0 | BV24: 0 | BW24: 0 | BX24: 0 | BY24: 0
A26: 6 | B26: Janosch, Vera | C26: 21725 | D26: 43521 | E26: 43773 | F26: 43518 | G26: 43774 | H26: 1 | I26: Intraorbital links | J26: 9.5 | K26: 5.6 | L26: 4.9 | M26: 4.4 | N26: =(L26*M26) -> 21.56 | R26: 4 | T26: 1.3 | U26: =AVERAGE(J26:J29) -> 8.35 | W26: =U26/T26 -> 6.4230769 | Y26: =MAX(J26:J29) -> 9.5 | Z26: =AVERAGE(K26:K29) -> 6 | AA26: =AVERAGE(L26:L29) -> 4.725 | AB26: =AVERAGE(M26:M29) -> 12.1 | AC26: =AVERAGE(N26:N29) -> 48.3 | AE26: PR | AF26: =SUM(N26:N29) -> 193.2 | AG26: =SUM(AS26:AS29) -> 64.66 | AH26: =SUM(BD26:BD28) -> 54.93 | AI26: 45.9 | AJ26: SD | AK26: 1.3 | AL26: 1.6 | AM26: 0.4 | AO26: 7.3 | AP26: 4.7 | AQ26: 4.3 | AR26: 6.4 | AS26: =(AQ26*AR26) -> 27.52 | AV26: 1.3 | AW26: 1.5 | AX26: 0.4 | AZ26: 10.8 | BA26: 9.7 | BB26: 5.9 | BC26: 6.9 | BD26: =(BB26*BC26) -> 40.71 | BF26: 1.7 | BG26: =AVERAGE(AZ26:AZ28) -> 5.5666667 | BI26: =(BG26/BF26) -> 3.2745098 | BK26: =MAX(AZ26:AZ28) -> 10.8 | BL26: =AVERAGE(BA26:BA28) -> 4.9 | BM26: =AVERAGE(BB26:BB28) -> 3.4 | BN26: =AVERAGE(BC26:BC28) -> 4.5 | BO26: =AVERAGE(BD26:BD28) -> 18.31 | BQ26: 1.7 | BR26: 2.5 | BS26: 0.6 | BU26: 12.7 | BV26: 10.3 | BW26: 7.4 | BX26: 6.2 | BY26: =(BW26*BX26) -> 45.88 | CB26: 1.6 | CC26: 2.4 | CD26: 0.6 | CJ26: 222 | CK26: 231 | CL26: 130 | CM26: 136
H27: 1 | I27: Gl. Submandibularis links | J27: 9.4 | K27: 7.4 | L27: 5.6 | M27: 9.3 | N27: =(L27*M27) -> 52.08 | P27: 1 | V27: Mittelwert | W27: =AVERAGE(W2:W26) -> 8.4661572 | AO27: 3.1 | AP27: 2.6 | AQ27: 1.9 | AR27: 4.2 | AS27: =(AQ27*AR27) -> 7.98 | AZ27: 3.2 | BA27: 2.7 | BB27: 2.2 | BC27: 3.6 | BD27: =(BB27*BC27) -> 7.92 | BU27: 0 | BV27: 0 | BW27: 0 | BX27: 0 | BY27: 0
H28: 1 | I28: Gl. Submandibularis rechts | J28: 9.1 | K28: 7 | L28: 5.6 | M28: 8 | N28: =(L28*M28) -> 44.8 | P28: 1 | R28: =AVERAGE(R2:R26) -> 3.8333333 | V28: Stabw | W28: =STDEV(W2:W26) -> 2.2861534 | AO28: 3.7 | AP28: 2.9 | AQ28: 2.2 | AR28: 5.4 | AS28: =(AQ28*AR28) -> 11.88 | AZ28: 2.7 | BA28: 2.3 | BB28: 2.1 | BC28: 3 | BD28: =(BB28*BC28) -> 6.3 | BH28: Mittelwert | BI28: =AVERAGE(BI2:BI26) -> 3.2261941 | BU28: 0 | BV28: 0 | BW28: 0 | BX28: 0 | BY28: 0 | CJ28: =AVERAGE(CJ2:CJ26) -> 218.5 | CK28: =AVERAGE(CK2:CK26) -> 225.5 | CL28: =AVERAGE(CL2:CL26) -> 135.33333 | CM28: =AVERAGE(CM2:CM26) -> 141.5
H29: 1 | I29: Pankreas | J29: 5.4 | K29: 4 | L29: 2.8 | M29: 26.7 | N29: =(L29*M29) -> 74.76 | P29: 1 | AO29: 2.4 | AP29: 1.5 | AQ29: 1.2 | AR29: 14.4 | AS29: =(AQ29*AR29) -> 17.28 | BH29: Stabw | BI29: =STDEV(BI2:BI26) -> 0.92753437 | BU29: nd | BV29: nd | BW29: nd | BX29: nd | BY29: nd
J30: per lesion | Y30: per patient | AZ30: per lesion | BK30: per patient
I31: Mittelwert | J31: =AVERAGE(J2:J29) -> 7.1695652 | K31: =AVERAGE(K2:K29) -> 4.9043478 | L31: =AVERAGE(L2:L29) -> 4.126087 | M31: =AVERAGE(M2:M29) -> 10.3 | N31: =AVERAGE(N2:N29) -> 45.107826 | X31: Mittelwert | Y31: =AVERAGE(Y2:Y29) -> 8.8 | Z31: =AVERAGE(Z2:Z29) -> 5.2178571 | AA31: =AVERAGE(AA2:AA29) -> 4.2446429 | AB31: =AVERAGE(AB2:AB29) -> 10.786905 | AC31: =AVERAGE(AC2:AC29) -> 44.15 | AY31: Mittelwert | AZ31: =AVERAGE(AZ2:AZ28) -> 5.7190476 | BA31: =AVERAGE(BA2:BA28) -> 4.4285714 | BB31: =AVERAGE(BB2:BB28) -> 3.5714286 | BC31: =AVERAGE(BC2:BC28) -> 8.2047619 | BD31: =AVERAGE(BD2:BD28) -> 29.574762 | BJ31: Mittelwert | BK31: =AVERAGE(BK2:BK26) -> 7.6333333 | BL31: =AVERAGE(BL2:BL26) -> 4.2282051 | BM31: =AVERAGE(BM2:BM26) -> 3.2402778 | BN31: =AVERAGE(BN2:BN26) -> 10.1 | BO31: =AVERAGE(BO2:BO26) -> 31.158333
I32: Max | J32: =MAX(J2:J29) -> 11.9 | K32: =MAX(K2:K29) -> 8.1 | L32: =MAX(L2:L29) -> 6.8 | M32: =MAX(M2:M29) -> 49.9 | N32: =MAX(N2:N29) -> 229.54 | X32: Max | Y32: =MAX(Y2:Y29) -> 11.9 | Z32: =MAX(Z2:Z29) -> 6.6 | AA32: =MAX(AA2:AA29) -> 5.2 | AB32: =MAX(AB2:AB29) -> 29.9 | AC32: =MAX(AC2:AC29) -> 110.63 | AY32: Max | AZ32: =MAX(AZ2:AZ28) -> 14.4 | BA32: =MAX(BA2:BA28) -> 10.3 | BB32: =MAX(BB2:BB28) -> 8.9 | BC32: =MAX(BC2:BC28) -> 37.6 | BD32: =MAX(BD2:BD28) -> 101.52 | BJ32: Max | BK32: =MAX(BK2:BK26) -> 14.4 | BL32: =MAX(BL2:BL26) -> 5.7 | BM32: =MAX(BM2:BM26) -> 4.8 | BN32: =MAX(BN2:BN26) -> 37.6 | BO32: =MAX(BO2:BO26) -> 101.52
I33: min | J33: =MIN(J2:J29) -> 2.6 | K33: =MIN(K2:K29) -> 1.4 | L33: =MIN(L2:L29) -> 1.9 | M33: =MIN(M2:M29) -> 1.1 | N33: =MIN(N2:N29) -> 2.31 | X33: min | Y33: =MIN(Y2:Y29) -> 5.7 | Z33: =MIN(Z2:Z29) -> 2.95 | AA33: =MIN(AA2:AA29) -> 2.7 | AB33: =MIN(AB2:AB29) -> 2.35 | AC33: =MIN(AC2:AC29) -> 5.89 | AY33: min | AZ33: =MIN(AZ2:AZ28) -> 2.5 | BA33: =MIN(BA2:BA28) -> 1.9 | BB33: =MIN(BB2:BB28) -> 2 | BC33: =MIN(BC2:BC28) -> 1 | BD33: =MIN(BD2:BD28) -> 2 | BJ33: min | BK33: =MIN(BK2:BK26) -> 3.6 | BL33: =MIN(BL2:BL26) -> 3 | BM33: =MIN(BM2:BM26) -> 2.55 | BN33: =MIN(BN2:BN26) -> 1.85 | BO33: =MIN(BO2:BO26) -> 4.725
I34: standardabweichung | J34: =_xlfn.STDEV.P(J2:J29) -> 2.799291 | K34: =_xlfn.STDEV.P(K2:K29) -> 2.0228001 | L34: =_xlfn.STDEV.P(L2:L29) -> 1.5800983 | M34: =_xlfn.STDEV.P(M2:M29) -> 12.047839 | N34: =_xlfn.STDEV.P(N2:N29) -> 54.668112 | X34: standardabweichung | Y34: =_xlfn.STDEV.P(Y2:Y29) -> 1.9756855 | Z34: =_xlfn.STDEV.P(Z2:Z29) -> 1.1694216 | AA34: =_xlfn.STDEV.P(AA2:AA29) -> 0.87543903 | AB34: =_xlfn.STDEV.P(AB2:AB29) -> 9.2677834 | AC34: =_xlfn.STDEV.P(AC2:AC29) -> 33.836066 | AY34: standardabweichung | AZ34: =STDEV(AZ2:AZ28) -> 3.4711121 | BA34: =STDEV(BA2:BA28) -> 2.6391557 | BB34: =STDEV(BB2:BB28) -> 1.9652335 | BC34: =STDEV(BC2:BC28) -> 10.834227 | BD34: =STDEV(BD2:BD28) -> 35.345251 | BJ34: standardabweichung | BK34: =STDEV(BK2:BK26) -> 4.3167889 | BL34: =STDEV(BL2:BL26) -> 1.0345587 | BM34: =STDEV(BM2:BM26) -> 0.85551181 | BN34: =STDEV(BN2:BN26) -> 13.669638 | BO34: =STDEV(BO2:BO26) -> 35.815199
A37: 7 | B37: Hos, Mete | C37: 26816 | D37: 43493 | E37: 43689 | F37: 43490 | G37: 43690 | H37: 1 | I37: links zervikal | J37: 0 | K37: 0 | L37: 0 | M37: 0 | N37: 0 | AO37: 0 | AP37: 0 | AQ37: 0 | AR37: 0 | AS37: 0 | AZ37: 11.8 | BA37: 7.6 | BB37: 7.6 | BC37: 0.8 | BD37: 6.1 | BF37: 1.4 | BG37: 0.6 | BH37: 2.2 | BU37: 8.5 | BV37: 5.2 | BW37: 4.8 | BX37: 2.3 | BY37: 11.1 | CB37: 1.3 | CC37: 0.7 | CD37: 2.1
H38: 1 | I38: links zervikal | J38: 0 | K38: 0 | L38: 0 | M38: 0 | N38: 0 | AO38: 0 | AP38: 0 | AQ38: 0 | AR38: 0 | AS38: 0 | AZ38: 4.1 | BA38: 3.2 | BB38: 2.6 | BC38: 2.1 | BD38: 5.5 | BU38: 3.8 | BV38: 2.9 | BW38: 2.4 | BX38: 4.2 | BY38: 10.2
B163: Thal, Hans-Günther | C163: 21814 | D163: 43528 | F163: 43537 | H163: 1 | I163: Aorta abdominalis | J163: 3.3 | K163: 2.6 | L163: 1.6 | M163: 78.8 | N163: =(L163*M163) -> 126.08 | T163: 1 | AK163: 1 | AL163: 1.1 | AM163: 0.5 | AZ163: 3.2 | BA163: 2.5 | BB163: 1.9 | BC163: 86.4 | BD163: =(BB163*BC163) -> 164.16 | BQ163: 1.4 | BR163: 0.5 | BS163: 2.2
B165: Kohles, Cathrin | C165: 30190 | D165: 43752 | F165: 43753 | H165: 1 | I165: links retroperitoneal | J165: 8.2 | K165: 6.5 | L165: 4.2 | M165: 45.5 | N165: =(L165*M165) -> 191.1 | T165: 1.3 | AK165: 1.3 | AL165: 1.3 | AM165: 0.7 | AZ165: 0 | BA165: 0 | BB165: 0 | BC165: 0 | BD165: 0 | BQ165: 1 | BR165: 0.5 | BS165: 1.8

Sheet Lungenfibrose
B1: Name | C1: Geburtsdatum | D1: Scandatum | E1: Indikation | F1: Datum 2. FAPI PET/CT
A2: 1 | B2: Stöltzel, Alexandra | C2: 26033 | D2: 43353 | E2: Systemische Sklerose/Lungenfibrose
A3: 2 | B3: Hauck, Michael | C3: 27806 | D3: 43437 | E3: Systemische Sklerose/Lungenfibrose
A4: 3 | B4: Hadi Issa, Intissar | C4: 24686 | D4: 43486 | E4: Systemische Sklerose/Lungenfibrose
A5: 4 | B5: Massing, Claudia | C5: 26532 | D5: 43500 | E5: Systemische Sklerose/Lungenfibrose
A6: 5 | B6: Häckl, Werner | C6: 21317 | D6: 43500 | E6: Kollagenose/Dermatomyositis/Lungenfibrose
A7: 6 | B7: Arnold, Markus | C7: 27243 | D7: 43500 | E7: Systemische Sklerose/Lungenfibrose/Sarkoidose
A8: 7 | B8: Morina, Sami | C8: 29587 | D8: 43507 | E8: Dermatomyositis/Lungenfibrose | F8: 43703
A9: 8 | B9: Sitzmann, Brigitte | C9: 20975 | D9: 43556 | E9: Systemische Sklerose/ Lungenfibrose
A10: 9 | B10: Bechmann, Stefan | C10: 24759 | D10: 43563 | E10: Systemische Sklerose/Lungenfibrose
A11: 10 | B11: Dotzler, Siegmund | C11: 22647 | D11: 43570 | E11: Systemische Sklerose/Lungenfibrose
A12: 11 | B12: Amslinger, Claudia | C12: 23143 | D12: 43640 | E12: Systemische Sklerose/Lungenfibrose
A13: 12 | B13: Gärtner, Hannelore | C13: 17945 | D13: 43654 | E13: Systemische Sklerose/Lungenfibrose
A14: 13 | B14: Prügner-Glaubitz, Michael | C14: 17637 | D14: 43675 | E14: Systemische Sklerose/Lungenfibrose
A15: 14 | B15: Hofmann, Martina | C15: 24558 | D15: 43675 | E15: Dermatomyositis/Lungenfibrose
A16: 15 | B16: Unkauf, Lieselotte | C16: 20056 | D16: 43682 | E16: Systemische Sklerose/Lungenfibrose
A17: 16 | B17: Dittrich, Rosemarie | C17: 17236 | D17: 43689 | E17: Systemische Sklerose/Lungenfibrose
A18: 17 | B18: Fuchs, Hans-Wolfgang | C18: 16505 | D18: 43696 | E18: Systemische Sklerose/Lungenfibrose
A19: 18 | B19: Schiller, Doris | C19: 23451 | D19: 43703 | E19: Systemische Sklerose/Lungenfibrose
A20: 19 | B20: Zenkel, Elfriede | C20: 14829 | D20: 43717 | E20: Systemische Sklerose/V.a. Lungenfibrose
... A30: 29 | B30: Metzler, Walter | C30: 16276 | D30: 44512 | E30: Lungenfibrose
A31: 30 | B31: Miletic, Maja | C31: 30474 | D31: 44494 | E31: Lungenfibrose | F31: 44729
A32: 31 | B32: Serby, Anneliese | C32: 16613 | D32: 44463 | E32: Lungenfibrose
A33: 32 | B33: Heidingsfelder, Jürgen | C33: 20385 | D33: 44456 | E33: Lungenfibrose
A34: 33 | B34: Schwab, Klaus | C34: 24709 | D34: 44414 | E34: Lungenfibrose
A35: 34 | B35: Hitz, Marianne | C35: 21592 | D35: 44396 | E35: Lungenfibrose
A36: 35 | B36: Eberlein, Olaf | C36: 21721 | D36: 44400 | E36: Lungenfibrose/Bronchialkarzinom
A37: 36 | B37: Dzelic, Emir | C37: 25971 | D37: 44383 | E37: Lungenfibrose
A38: 37 | B38: Thumshirn, Maria | C38: 15060 | D38: 44383 | E38: Lungenfibrose
A39: 38 | B39: Langgut, Katrin | C39: 19530 | D39: 44389 | E39: Lungenfibrose
A40: 39 | B40: Rollinger, Kerstin | C40: 25898 | D40: 44386 | E40: Lungenfibrose
A41: 40 | B41: Bauer, Andrea | C41: 21656 | D41: 44365 | E41: Lungenfibrose
A42: 41 | B42: Romanelli, Beniamo | C42: 27362 | D42: 44372 | E42: Lungenfibrose
A43: 42 | B43: Harnisch, Elke | C43: 20098 | D43: 44372 | E43: Lungenfibrose
... A54: 53 | B54: Stenger, Julian | C54: 34159 | D54: 44186 | E54: Systemische Sklerose/Lungenfibrose
A55: 54 | B55: Grebner, Ralf-Heinreich | C55: 22857 | D55: 44162 | E55: Systemische Sklerose/Lungenfibrose | F55: 44736
A56: 55 | B56: Krishan, Ranjna | C56: 24699 | D56: 44151 | E56: Systemische Sklerose/Lungenfibrose
A57: 56 | B57: Rosar, Ricarda | C57: 25941 | D57: 44144 | E57: Systemische Sklerose/Lungenfibrose
A58: 57 | B58: Danzer, Karl | C58: 26262 | D58: 44127 | E58: Systemische Sklerose/Lungenfibrose | F58: 44540
A59: 58 | B59: Lichteneber, Erika | C59: 22764 | D59: 44113 | E59: Systemische Sklerose/Lungenfibrose | F59: 44249
A60: 59 | B60: Lohrmann, Karin | C60: 25233 | D60: 44099 | E60: Systemische Sklerose/Lungenfibrose
A61: 60 | B61: Maurer, Angelika | C61: 21635 | D61: 44092 | E61: Systemische Sklerose/Lungenfibrose
A62: 61 | B62: Weller, Paul | C62: 20394 | D62: 44092 | E62: Systemische Sklerose/Lungenfibrose
A63: 62 | B63: Zickermann, Harald | C63: 25379 | D63: 44067 | E63: Systemische Sklerose/Lungenfibrose
A64: 63 | B64: Barth-Völkner, Marion | C64: 19228 | D64: 44036 | E64: Systemische Sklerose/Lungenfibrose
A65: 64 | B65: Tischner, Peter | C65: 19587 | D65: 44039 | E65: Systemische Sklerose/Lungenfibrose | F65: 44316
A66: 65 | B66: Wachinger, Claudia | C66: 24156 | D66: 44022 | E66: Systemische Sklerose/Lungenfibrose | F66: 44466
A67: 66 | B67: Kole, Elona | C67: 25167 | D67: 44011 | E67: Systemische Sklerose/Lungenfibrose
A68: 67 | B68: Grimm, Laila | C68: 23379 | D68: 44015 | E68: Systemische Sklerose/Lungenfibrose
A69: 68 | B69: Glaschke, Elke | C69: 25257 | D69: 44008 | E69: Systemische Sklerose/Lungenfibrose
A70: 69 | B70: Eckstein, Ina | C70: 26748 | D70: 44001 | E70: Systemische Sklerose/Lungenfibrose | F70: 44326
A71: 70 | B71: Schreiber, Werner | C71: 22640 | D71: 43987 | E71: Systemische Sklerose/Lungenfibrose
A72: 71 | B72: Polster, Inge | C72: 17237 | D72: 43990 | E72: Systemische Sklerose/Lungenfibrose
A73: 72 | B73: Söllner, Hermann | C73: 23700 | D73: 43973 | E73: Systemische Sklerose/Lungenfibrose
A74: 73 | B74: Eichinger, Volker | C74: 29887 | D74: 43973 | E74: Systemische Sklerose/Lungenfibrose
A75: 74 | B75: Biehler, Christa | C75: 24045 | D75: 43966 | E75: Systemische Sklerose/Lungenfibrose
A76: 75 | B76: Gorschboth, Claudia | C76: 25237 | D76: 43917 | E76: Systemische Sklerose/Lungenfibrose | F76: 44526
A77: 76 | B77: Grosser, Manfred | C77: 24028 | D77: 43910 | E77: Systemische Sklerose/Lungenfibrose
A78: 77 | B78: Ellinger, Luise | C78: 21409 | D78: 43910 | E78: Systemische Sklerose/Lungenfibrose
A79: 78 | B79: Rückert, Hans | C79: 21357 | D79: 43871 | E79: Lungenfibrose | F79: 44029
A80: 79 | B80: Ebert, Inge | C80: 17901 | D80: 43871 | E80: Lungenfibrose
A81: 80 | B81: Buhl, Hiltrud | C81: 20700 | D81: 43843 | E81: Systemische Sklerose/Lungenfibrose | F81: 44526
A82: 81 | B82: Drescher,Isolde | C82: 16134 | D82: 44603 | E82: Systemische Sklerose
A83: 82 | B83: Wohlrab,Kerstin | C83: 25721 | D83: 44575 | E83: VEDOSS (Systemische Sklerose)
A84: 83 | B84: Wjaya,Ratna | C84: 24891 | D84: 44274 | E84: Systemische Sklerose/Lungenfibrose
A85: 84 | B85: Morgott, Ulrike | C85: 17922 | D85: 44519 | E85: Lungenfibrose
A86: 85 | B86: Scheibner, Dirk | C86: 27540 | D86: 44505 | E86: Lungenfibrose
A87: 86 | B87: Seitz, Helmut | C87: 22437 | D87: 44508 | E87: Lungenfibrose
A88: 87 | B88: Metzler, Walter | C88: 16276 | D88: 44512 | E88: Lungenfibrose

Sheet Kontrollkollektiv
B1: Name | C1: Geburtsdatum | D1: Scandatum | E1: Age | F1: Indikation | H1: Number of lesions | I1: Location | J1: SUVmax | K1: SUVpeak | L1: SUVmean | M1: MTV | N1: TLG | P1: Aorta | Q1: Muscle
A2: 1 | B2: Wendel, Herbert | C2: 21050 | D2: 43335 | E2: 61 | F2: Pankreas-CA | H2: 1 | I2: AC links | J2: 2.2 | K2: 1.8 | L2: 1.7 | M2: 1.2 | N2: =(L2*M2) -> 2.04 | P2: 1 | Q2: 1
H3: 1 | I3: AC rechts | J3: 2.2 | K3: 1.7 | L3: 1.6 | M3: 1.3 | N3: =(L3*M3) -> 2.08
H4: 1 | I4: BWK 8 | J4: 1.9 | K4: 1.5 | L4: 2.6 | M4: 0.8 | N4: =(L4*M4) -> 2.08
G5: 4 | H5: 1 | I5: Tuber ischiadicum rechts (Sehne) | J5: 2.1 | K5: 1.8 | L5: 1.7 | M5: 1.1 | N5: =(L5*M5) -> 1.87
A7: 2 | B7: Wölflick, Magdalena | C7: 13656 | D7: 43346 | E7: 81 | F7: Pankreas-CA | H7: 1 | I7: HWK 2/3 links (Facettengelenk) | J7: 2.4 | K7: 1.8 | L7: 1.7 | M7: 0.7 | N7: =(L7*M7) -> 1.19 | P7: 1.3 | Q7: 1.3
H8: 1 | I8: Schultergelenk rechts | J8: 2.4 | K8: 1.8 | L8: 1.7 | M8: 1.3 | N8: =(L8*M8) -> 2.21
H9: 1 | I9: Schultergelenk links | J9: 2.6 | K9: 2.2 | L9: 2.1 | M9: 1.1 | N9: =(L9*M9) -> 2.31
H10: 1 | I10: SC-Gelenk rechts | J10: 2.4 | K10: 1.9 | L10: 1.8 | M10: 1.5 | N10: =(L10*M10) -> 2.7
H11: 1 | I11: SC-Gelenk links | J11: 3.1 | K11: 2.4 | L11: 2.1 | M11: 1.4 | N11: =(L11*M11) -> 2.94
H12: 1 | I12: BWK 11 | J12: 2.8 | K12: 2.2 | L12: 2.2 | M12: 1.5 | N12: =(L12*M12) -> 3.3
G13: 7 | H13: 1 | I13: Femurkopf rechts (Sehne) | J13: 2.5 | K13: 2.3 | L13: 2.2 | M13: 1.5 | N13: =(L13*M13) -> 3.3
A15: 3 | B15: Spitzbarth, Silvia | C15: 20515 | D15: 43360 | E15: 62 | F15: Becherzellkarzinoid | H15: 1 | I15: Schultergelenk rechts | J15: 2.9 | K15: 2.2 | L15: 2.3 | M15: 0.9 | N15: =(L15*M15) -> 2.07 | P15: 1.2 | Q15: 1.3
H16: 1 | I16: BWK 8 | J16: 3.8 | K16: 3 | L16: 2.3 | M16: 2.1 | N16: =(L16*M16) -> 4.83
H17: 1 | I17: BWK 7 | J17: 2.9 | K17: 2.2 | L17: 2.3 | M17: 0.9 | N17: =(L17*M17) -> 2.07
H18: 1 | I18: BWK 9 | J18: 3.8 | K18: 2.9 | L18: 2.2 | M18: 1.7 | N18: =(L18*M18) -> 3.74
H19: 1 | I19: LWK 4/LWK 5 links (Facettengelenk) | J19: 2.7 | K19: 2.2 | L19: 2.1 | M19: 1.8 | N19: =(L19*M19) -> 3.78
H20: 1 | I20: Symphyse | J20: 3.5 | K20: 2.3 | L20: 2.3 | M20: 1.3 | N20: =(L20*M20) -> 2.99
G21: 7 | H21: 1 | I21: SC links | J21: 2.8 | K21: 2.1 | L21: 2 | M21: 0.8 | N21: =(L21*M21) -> 1.6
A23: 4 | B23: Rossner, Ottmar | C23: 15788 | D23: 43361 | E23: 75 | F23: Pankreas-CA | H23: 1 | I23: Dens axis | J23: 2.2 | K23: 1.6 | L23: 1.7 | M23: 0.5 | N23: =(L23*M23) -> 0.85 | P23: 1.5 | Q23: 1
H24: 1 | I24: HWK4/HWK5 links (Facettengelenk) | J24: 1.9 | K24: 1.6 | L24: 1.7 | M24: 1.1 | N24: =(L24*M24) -> 1.87
H25: 1 | I25: Schultergelenk rechts | J25: 3.2 | K25: 2.2 | L25: 2.1 | M25: 1.2 | N25: =(L25*M25) -> 2.52
H26: 1 | I26: AC links | J26: 2.3 | K26: 1.7 | L26: 1.8 | M26: 1.1 | N26: =(L26*M26) -> 1.98
H27: 1 | I27: LWK4/LWK5 rechts (Facettengelenk) | J27: 2.4 | K27: 2 | L27: 1.8 | M27: 2 | N27: =(L27*M27) -> 3.6
H28: 1 | I28: LWK4/LWK5 links (Facettengelenk) | J28: 2.4 | K28: 1.9 | L28: 1.7 | M28: 2.1 | N28: =(L28*M28) -> 3.57
G29: 7 | H29: 1 | I29: Femur rechts (Sehne) | J29: 2.2 | K29: 1.7 | L29: 1.4 | M29: 1.7 | N29: =(L29*M29) -> 2.38
A31: 5 | B31: Petermann, Martina | C31: 21564 | D31: 43367 | E31: 59 | F31: Pankreas-CA | H31: 1 | I31: Dens axis | J31: 2.1 | K31: 1.8 | L31: 1.7 | M31: 1.3 | N31: =(L31*M31) -> 2.21 | P31: 1.3 | Q31: 1.3
H32: 1 | I32: AC rechts | J32: 2.4 | K32: 2 | L32: 2 | M32: 0.5 | N32: =(L32*M32) -> 1
H33: 1 | I33: SC links | J33: 3.1 | K33: 2.5 | L33: 2.4 | M33: 1.2 | N33: =(L33*M33) -> 2.88
H34: 1 | I34: LWK2/LWK3 rechts (Facettengelenk) | J34: 3 | K34: 1.9 | L34: 2.1 | M34: 1 | N34: =(L34*M34) -> 2.1
H35: 1 | I35: LWK4/LWK5 rechts (Facettengelenk) | J35: 2.7 | K35: 2.1 | L35: 2 | M35: 1 | N35: =(L35*M35) -> 2
G36: 6 | H36: 1 | I36: Hüftgelenk rechts | J36: 2.8 | K36: 2.1 | L36: 2.1 | M36: 1.1 | N36: =(L36*M36) -> 2.31
A38: 6 | B38: Ripp, Elfriede | C38: 17935 | D38: 43374 | E38: 69 | F38: Pankreas-CA | H38: 1 | I38: AC links | J38: 1.9 | K38: 1.4 | L38: 1.5 | M38: 0.5 | N38: =(L38*M38) -> 0.75 | P38: 1.2 | Q38: 0.8
H39: 1 | I39: HWK2/HWK3 links (Facettengelenk) | J39: 1.8 | K39: 1.4 | L39: 1.4 | M39: 1.2 | N39: =(L39*M39) -> 1.68
H40: 1 | I40: SC links | J40: 2.4 | K40: 1.8 | L40: 1.7 | M40: 1.9 | N40: =(L40*M40) -> 3.23
G41: 4 | H41: 1 | I41: SC rechts | J41: 2.4 | K41: 1.7 | L41: 1.5 | M41: 1.4 | N41: =(L41*M41) -> 2.1
A43: 7 | B43: Schmeling, Wolfgang | C43: 18225 | D43: 43381 | E43: 68 | F43: Pankreas-CA | H43: 1 | I43: Femur rechts (Sehne) | J43: 2.1 | K43: 1.8 | L43: 1.8 | M43: 2 | N43: =(L43*M43) -> 3.6 | P43: 1.2 | Q43: 0.9
H44: 1 | I44: BWK 8 | J44: 2.3 | K44: 1.8 | L44: 1.7 | M44: 0.4 | N44: =(L44*M44) -> 0.68
H45: 1 | I45: AC links | J45: 1.8 | K45: 1.6 | L45: 1.5 | M45: 0.8 | N45: =(L45*M45) -> 1.2
H46: 1 | I46: BWK 7 | J46: 2.2 | K46: 1.7 | L46: 1.6 | M46: 0.8 | N46: =(L46*M46) -> 1.28
G47: 5 | H47: 1 | I47: SC rechts | J47: 2.4 | K47: 2.1 | L47: 2 | M47: 1.1 | N47: =(L47*M47) -> 2.2
A49: 8 | B49: Kaisis, Anastasios | C49: 21712 | D49: 43430 | E49: 59 | F49: Prostata-CA neuroendokrin differenziert | H49: 1 | I49: BWK 11 | J49: 2 | K49: 1.5 | L49: 1.4 | M49: 2 | N49: =(L49*M49) -> 2.8 | P49: 0.4 | Q49: 0.5
H50: 1 | I50: LWK 3 | J50: 1.5 | K50: 1.1 | L50: 1 | M50: 2.1 | N50: =(L50*M50) -> 2.1
H51: 1 | I51: AC links | J51: 2.2 | K51: 1.7 | L51: 1.4 | M51: 0.9 | N51: =(L51*M51) -> 1.26
H52: 1 | I52: AC rechts | J52: 2.3 | K52: 1.6 | L52: 1.4 | M52: 1 | N52: =(L52*M52) -> 1.4
H53: 1 | I53: LWK 1 | J53: 1.8 | K53: 1.3 | L53: 1.2 | M53: 1.4 | N53: =(L53*M53) -> 1.68
H54: 1 | I54: LWK 5 | J54: 1.2 | K54: 0.9 | L54: 0.9 | M54: 0.9 | N54: =(L54*M54) -> 0.81
H55: 1 | I55: Femur rechts (Sehne) | J55: 1.3 | K55: 1 | L55: 1 | M55: 1.6 | N55: =(L55*M55) -> 1.6
G56: 8 | H56: 1 | I56: Tuber ischiadicum links | J56: 2 | K56: 1.5 | L56: 1.2 | M56: 3.2 | N56: =(L56*M56) -> 3.84
A58: 9 | B58: Hübner, Brigitte | C58: 20154 | D58: 43591 | E58: 64 | F58: NET G1 | H58: 1 | I58: AC rechts | J58: 2.7 | K58: 1.8 | L58: 2.1 | M58: 0.6 | N58: =(L58*M58) -> 1.26 | P58: 1.4 | Q58: 1.5
H59: 1 | I59: AC links | J59: 3 | K59: 2 | L59: 2.2 | M59: 0.8 | N59: =(L59*M59) -> 1.76
H60: 1 | I60: LWK 3 | J60: 2.6 | K60: 1.8 | L60: 2.4 | M60: 0.1 | N60: =(L60*M60) -> 0.24
G61: 4 | H61: 1 | I61: LWK5/SWK1 | J61: 2.5 | K61: 1.8 | L61: 2.1 | M61: 0.6 | N61: =(L61*M61) -> 1.26
A63: 10 | B63: Petrovic, Milun | C63: 18734 | D63: 43696 | E63: 68 | F63: Prostata-CA neuroendokrin differenziert | H63: 1 | I63: LWK 5 rechts (Facettengelenk) | J63: 3.1 | K63: 2.5 | L63: 2.4 | M63: 0.8 | N63: =(L63*M63) -> 1.92 | P63: 1.3 | Q63: 1
H64: 1 | I64: Os sacrum rechts | J64: 3.2 | K64: 2.8 | L64: 1.9 | M64: 1.5 | N64: =(L64*M64) -> 2.85
H65: 1 | I65: AC rechts | J65: 1.8 | K65: 1.2 | L65: 1 | M65: 1.2 | N65: =(L65*M65) -> 1.2
H66: 1 | I66: AC links | J66: 1.6 | K66: 1.1 | L66: 1 | M66: 1.1 | N66: =(L66*M66) -> 1.1
G67: 5 | H67: 1 | I67: LWK 4 rechts (Facettengelenk) | J67: 3.1 | K67: 2 | L67: 2 | M67: 1.2 | N67: =(L67*M67) -> 2.4

Sheet Auswertung ArthritisArthropathi
B1: Name | C1: Geburtsdatum | D1: Scandatum | E1: Age | F1: Indikation | G1: Number of lesions | H1: Location | I1: FAPI SUVmax | J1: SUVpeak | K1: SUVmean | L1: MTV | M1: TLG
A2: 1 | B2: Pfister, Alois | C2: 23438 | D2: 43374 | E2: 54 | F2: Rheumatoide Arthritis | G2: 1 | H2: Schultergelenk links | I2: 4.3 | J2: 2.6 | K2: 2.8 | L2: 14 | M2: =(K2*L2) -> 39.2
G3: 1 | H3: Kniegelenk rechts | I3: 11.6 | J3: 7.8 | K3: 6.1 | L3: 19.4 | M3: =(K3*L3) -> 118.34
G4: 1 | H4: Art. Tibiofibularis links | I4: 11 | J4: 4.6 | K4: 6.1 | L4: 1.5 | M4: =(K4*L4) -> 9.15
G5: 1 | H5: Achillessehne rechts (Sehne) | I5: 8.8 | J5: 5.5 | K5: 5.5 | L5: 2 | M5: =(K5*L5) -> 11
G6: 1 | H6: DIP 1 rechts | I6: 9.4 | J6: 5.3 | K6: 5.3 | L6: 2.7 | M6: =(K6*L6) -> 14.31
G7: 1 | H7: DIP 4 rechts | I7: 4 | J7: 3.3 | K7: 3.2 | L7: 1.4 | M7: =(K7*L7) -> 4.48
G8: 1 | H8: Art. Subtalaris links | I8: 8.7 | J8: 4.5 | K8: 4.4 | L8: 4.9 | M8: =(K8*L8) -> 21.56
G9: 1 | H9: MTP links | I9: 9.4 | J9: 5.2 | K9: 5.1 | L9: 4.9 | M9: =(K9*L9) -> 24.99
G10: 1 | H10: MTP links | I10: 7.2 | J10: 4.7 | K10: 4 | L10: 8.1 | M10: =(K10*L10) -> 32.4
G11: 1 | H11: MTP links | I11: 5.1 | J11: 2.8 | K11: 3 | L11: 2.4 | M11: =(K11*L11) -> 7.2
G12: 1 | H12: Handgelenk links (ulnocarpal) | I12: 6.1 | J12: 4.1 | K12: 3.6 | L12: 5.7 | M12: =(K12*L12) -> 20.52
G13: 1 | H13: Handgelenk rechts (radiocarpal) | I13: 7.7 | J13: 4 | K13: 4.4 | L13: 1.4 | M13: =(K13*L13) -> 6.16
G14: 1 | H14: Handgelenk rechts (ulnocarpal) | I14: 8.4 | J14: 5.5 | K14: 4.9 | L14: 2.3 | M14: =(K14*L14) -> 11.27
G15: 1 | H15: MCP rechts | I15: 5.7 | J15: 2.7 | K15: 3.4 | L15: 1.2 | M15: =(K15*L15) -> 4.08
A17: 2 | B17: Behne, Maik | C17: 30062 | D17: 43423 | E17: 36 | F17: Spondylarthropathie | G17: 1 | H17: linkes ISG dorsal | I17: 4 | J17: 3 | K17: 2.7 | L17: 2.6 | M17: =(K17*L17) -> 7.02
G18: 1 | H18: Kniegelenk rechts medial (Sehne) | I18: 4.5 | J18: 3.2 | K18: 2.7 | L18: 4.1 | M18: =(K18*L18) -> 11.07
G19: 1 | H19: Kniegelenk rechts lateral (Sehne) | I19: 5 | J19: 3.9 | K19: 3.9 | L19: 2.1 | M19: =(K19*L19) -> 8.19
G20: 1 | H20: laterale Flexorensehnen Fuß rechts (Sehne) | I20: 7.3 | J20: 4.2 | K20: 4.2 | L20: 1.8 | M20: =(K20*L20) -> 7.56
G21: 1 | H21: plantare Flexoren rechts (Sehne) | I21: 7 | J21: 4.2 | K21: 3.7 | L21: 3.7 | M21: =(K21*L21) -> 13.69
G22: 1 | H22: MCP 4 links | I22: 5.7 | J22: 3.7 | K22: 3.6 | L22: 2 | M22: =(K22*L22) -> 7.2
G23: 1 | H23: MCP 2 links | I23: 4.2 | J23: 2.9 | K23: 2.8 | L23: 1.8 | M23: =(K23*L23) -> 5.04
G24: 1 | H24: M. flexor carpi ulnaris links (Sehne) | I24: 4.4 | J24: 3.5 | K24: 3.5 | L24: 2.1 | M24: =(K24*L24) -> 7.35
G25: 1 | H25: HWK 5/6 links (Facettengelenk) | I25: 5.3 | J25: 2.4 | K25: 2.1 | L25: 4.4 | M25: =(K25*L25) -> 9.24
G26: 1 | H26: Costotransversalgelenk 1 links | I26: 4.1 | J26: 3.5 | K26: 3.2 | L26: 2.9 | M26: =(K26*L26) -> 9.28
G27: 1 | H27: Proc. Spinosus HWK 7 | I27: 3.2 | J27: 2.4 | K27: 2 | L27: 3.7 | M27: =(K27*L27) -> 7.4
G28: 1 | H28: Costotransversalgelenk 8 rechts | I28: 4.2 | J28: 3.2 | K28: 2.9 | L28: 4.3 | M28: =(K28*L28) -> 12.47
G29: 1 | H29: Costotransversalgelenk 10 rechts | I29: 4.4 | J29: 3.5 | K29: 3.5 | L29: 2.1 | M29: =(K29*L29) -> 7.35
... G32: 1 | H32: prox. Femur links (Sehne)/Insertionstendinopathie | I32: 4.6 | J32: 3.3 | K32: 2.5 | L32: 4.7 | M32: =(K32*L32) -> 11.75
A34: 3 | B34: Pachur, Christina | C34: 27932 | D34: 43423 | E34: 42 | F34: Rheumatoide Arthritis | G34: 1 | H34: Art. Talocalcanea rechts | I34: 12.2 | J34: 8.4 | K34: 6.7 | L34: 5.3 | M34: =(K34*L34) -> 35.51
G35: 1 | H35: Femur links (Sehne)/Insertionstendinopathie | I35: 4.1 | J35: 2.6 | K35: 2.4 | L35: 2.8 | M35: =(K35*L35) -> 6.72
G36: 1 | H36: PIP Fuss rechts | I36: 5 | J36: 3.4 | K36: 2.8 | L36: 6.2 | M36: =(K36*L36) -> 17.36
G37: 1 | H37: radialseitige Extensorensehnen linke Hand | I37: 11.4 | J37: 6.1 | K37: 6.3 | L37: 1.9 | M37: =(K37*L37) -> 11.97
A39: 4 | B39: Heckman, Clifton | C39: 24418 | D39: 43430 | E39: 52 | F39: Spondylarthropathie | G39: 1 | H39: HWK2/HWK 3 links (Facettengelenk) | I39: 4.3 | J39: 3.2 | K39: 2.4 | L39: 7.3 | M39: =(K39*L39) -> 17.52
G40: 1 | H40: Costotransversalgelenk BWK 4 rechts | I40: 4 | J40: 3.1 | K40: 2.8 | L40: 2.3 | M40: =(K40*L40) -> 6.44
G41: 1 | H41: Costotransversalgelenk BWK 11 rechts | I41: 4.7 | J41: 3.5 | K41: 3.2 | L41: 2.7 | M41: =(K41*L41) -> 8.64
G42: 1 | H42: Costotransversalgelenk BWK 11 links | I42: 4.4 | J42: 3.3 | K42: 2.9 | L42: 3.2 | M42: =(K42*L42) -> 9.28
G43: 1 | H43: LWK 1/LWK 2 | I43: 3.5 | J43: 2.9 | K43: 2.3 | L43: 5.4 | M43: =(K43*L43) -> 12.42
G44: 1 | H44: LWK 4 rechts (Facettengelenk) | I44: 4.2 | J44: 3.5 | K44: 3.2 | L44: 2.7 | M44: =(K44*L44) -> 8.64
G45: 1 | H45: Costoclavikulargelenk rechts | I45: 4.2 | J45: 2.6 | K45: 2.4 | L45: 1.9 | M45: =(K45*L45) -> 4.56
G46: 1 | H46: Sternoclavikulargelenk links | I46: 4.3 | J46: 3.1 | K46: 2.6 | L46: 3.4 | M46: =(K46*L46) -> 8.84
G47: 1 | H47: Femur rechts (Sehne)/Insertionstendinopathie | I47: 4.1 | J47: 3.3 | K47: 2.8 | L47: 7.5 | M47: =(K47*L47) -> 21
A49: 5 | B49: Oeser, Heidi | C49: 21589 | D49: 43444 | E49: 59 | F49: Spondylarthropathie/Tendinopathie | G49: 1 | H49: Calcaneus links (Fersensporn) | I49: 4.1 | J49: 2.6 | K49: 2.6 | L49: 1.6 | M49: =(K49*L49) -> 4.16
G50: 1 | H50: MTP rechts | I50: 5.1 | J50: 2.8 | K50: 3 | L50: 1.1 | M50: =(K50*L50) -> 3.3
G51: 1 | H51: Femur links (Sehne)/Insertionstendinopathie | I51: 6.3 | J51: 4.4 | K51: 3.7 | L51: 5.3 | M51: =(K51*L51) -> 19.61
A53: 6 | B53: Sindel, Friedrich | C53: 18099 | D53: 43472 | E53: 59 | F53: Rheumatoide Arthritis | G53: 1 | H53: Schultergelenk rechts | I53: 7.6 | J53: 5.5 | K53: 4.1 | L53: 26.28 | M53: =(K53*L53) -> 107.748
G54: 1 | H54: Schultergelenk links | I54: 9.4 | J54: 6.9 | K54: 5.5 | L54: 8.1 | M54: =(K54*L54) -> 44.55
G55: 1 | H55: Hüftgelenk rechts | I55: 11 | J55: 8.3 | K55: 6.2 | L55: 7.9 | M55: =(K55*L55) -> 48.98
G56: 1 | H56: Hüftgelenk links | I56: 5.3 | J56: 3.7 | K56: 2.8 | L56: 15.6 | M56: =(K56*L56) -> 43.68
G57: 1 | H57: Tuber ischiadicum rechts (Sehne)/Insertionstendinopathie | I57: 5.5 | J57: 4.5 | K57: 3.5 | L57: 6.5 | M57: =(K57*L57) -> 22.75
G58: 1 | H58: Tuber ischiadicum links (Sehne)/Insertionstendinopathie | I58: 4 | J58: 3 | K58: 2.4 | L58: 5 | M58: =(K58*L58) -> 12
G59: 1 | H59: Proc. spinosus HWK 7 | I59: 5.6 | J59: 3.9 | K59: 3.1 | L59: 9.3 | M59: =(K59*L59) -> 28.83
G60: 1 | H60: Kniegelenk links | I60: 11.6 | J60: 7 | K60: 5.8 | L60: 17.1 | M60: =(K60*L60) -> 99.18
G61: 1 | H61: Kniegelenk rechts | I61: 8.9 | J61: 4.9 | K61: 4.7 | L61: 3.2 | M61: =(K61*L61) -> 15.04
G62: 1 | H62: Tarsometartarsale links | I62: 6 | J62: 4.6 | K62: 3.6 | L62: 4.6 | M62: =(K62*L62) -> 16.56
G63: 1 | H63: Tarsometartarsale rechts | I63: 5.7 | J63: 4.3 | K63: 3.2 | L63: 8.3 | M63: =(K63*L63) -> 26.56
G64: 1 | H64: MTP 1 rechts | I64: 4.2 | J64: 2.9 | K64: 3 | L64: 2.3 | M64: =(K64*L64) -> 6.9
G65: 1 | H65: MTP 4 rechts | I65: 4.3 | J65: 2.7 | K65: 2.3 | L65: 4.9 | M65: =(K65*L65) -> 11.27
... G77: 1 | H77: LWK4/LWK5 rechts (Facettengelenk) | I77: 3.8 | J77: 2.8 | K77: 2.2 | L77: 8.5 | M77: =(K77*L77) -> 18.7
A80: 7 | B80: Mahir, Guntram | C80: 23467 | D80: 43472 | E80: 54 | F80: Spondylitis ankylosans | G80: 1 | H80: LWK 4/LWK 5 links (Facettengelenk) | I80: 4.8 | J80: 3.2 | K80: 2.9 | L80: 2.5 | M80: =(K80*L80) -> 7.25
G81: 1 | H81: LWK 4/LWK 5 rechts (Facettengelenk) | I81: 4.6 | J81: 3.1 | K81: 2.9 | L81: 3.1 | M81: =(K81*L81) -> 8.99
G82: 1 | H82: HWK 3/4 links (Facettengelenk) | I82: 7 | J82: 4.4 | K82: 4 | L82: 3.8 | M82: =(K82*L82) -> 15.2
G83: 1 | H83: LWK5/SWK1 links (Facettengelenk) | I83: 3.5 | J83: 2.3 | K83: 2.4 | L83: 2.8 | M83: =(K83*L83) -> 6.72
G84: 1 | H84: Femur links (Sehne) | I84: 4.3 | J84: 2.7 | K84: 2.2 | L84: 10.3 | M84: =(K84*L84) -> 22.66
G85: 1 | H85: Strecksehne D2 rechts palmar (Sehne) | I85: 3.4 | J85: 1.8 | K85: 2.1 | L85: 2.2 | M85: =(K85*L85) -> 4.62
G86: 1 | H86: Strecksehne D3 rechts palmar (Sehne) | I86: 3.6 | J86: 2 | K86: 2.7 | L86: 2.1 | M86: =(K86*L86) -> 5.67
G87: 1 | H87: Spina iliaca ant. inf. links (Sehne) | I87: 4.3 | J87: 2.7 | K87: 2.3 | L87: 5 | M87: =(K87*L87) -> 11.5
A89: 8 | B89: Popp-Kinzel, Erika | C89: 20776 | D89: 43479 | E89: 62 | F89: Psoriasisarthritis | G89: 1 | H89: Schultergelenk links | I89: 3.4 | J89: 2.5 | K89: 1.7 | L89: 54.8 | M89: =(K89*L89) -> 93.16
G90: 1 | H90: Tuber ischiadicum links (Sehne)/Insertionstendinopathie | I90: 8.6 | J90: 5 | K90: 4.9 | L90: 1.3 | M90: =(K90*L90) -> 6.37
G91: 1 | H91: Tuber ischiadicum rechts (Sehne)/Insertionstendinopathie | I91: 5.4 | J91: 3.9 | K91: 3 | L91: 4.8 | M91: =(K91*L91) -> 14.4
G92: 1 | H92: SC-Gelenk links | I92: 4.2 | J92: 2.8 | K92: 2.3 | L92: 7.7 | M92: =(K92*L92) -> 17.71
G93: 1 | H93: Sehne M. tibialis anterior rechts (Sehne) | I93: 6.2 | J93: 4 | K93: 3.4 | L93: 6.4 | M93: =(K93*L93) -> 21.76
G94: 1 | H94: Beugesehne Os metatarsale 1 rechts (Sehne) | I94: 3.4 | J94: 2.4 | K94: 2 | L94: 4.8 | M94: =(K94*L94) -> 9.6
G95: 1 | H95: MCP 2 rechts | I95: 7.3 | J95: 4 | K95: 4.3 | L95: 3.4 | M95: =(K95*L95) -> 14.62
G96: 1 | H96: PIP 3 rechts (Hand) | I96: 3.4 | J96: 2.5 | K96: 2.3 | L96: 2.4 | M96: =(K96*L96) -> 5.52
G97: 1 | H97: PIP 1 rechts (Hand) | I97: 3.1 | J97: 1.6 | K97: 1.7 | L97: 1.6 | M97: =(K97*L97) -> 2.72
G98: 1 | H98: MCP 2 links | I98: 4.9 | J98: 3.1 | K98: 3.2 | L98: 4.2 | M98: =(K98*L98) -> 13.44
G99: 1 | H99: MCP 3 links | I99: 4.9 | J99: 3.1 | K99: 2.9 | L99: 3.1 | M99: =(K99*L99) -> 8.99
G100: 1 | H100: PIP 2 links (Hand) | I100: 6.7 | J100: 3.3 | K100: 3.8 | L100: 1.9 | M100: =(K100*L100) -> 7.22
G101: 1 | H101: PIP 3 links (Hand) | I101: 3.1 | J101: 2 | K101: 1.8 | L101: 2.6 | M101: =(K101*L101) -> 4.68
G102: 1 | H102: DIP 3 links (Hand) | I102: 4.9 | J102: 3 | K102: 3 | L102: 2.4 | M102: =(K102*L102) -> 7.2
A104: 9 | B104: Klein, Christine | C104: 21637 | D104: 43486 | E104: 59 | F104: Rheumatoide Arthritis | G104: 1 | H104: HWK4/HWK5 links (Facettengelenk) | I104: 4.8 | J104: 3.4 | K104: 2.8 | L104: 3.9 | M104: =(K104*L104) -> 10.92
G105: 1 | H105: SC Gelenk rechts | I105: 5.2 | J105: 3.4 | K105: 3.1 | L105: 2 | M105: =(K105*L105) -> 6.2
G106: 1 | H106: LWK 4/LWK5 rechts (Facettengelenk) | I106: 5.4 | J106: 3.8 | K106: 3.1 | L106: 3.7 | M106: =(K106*L106) -> 11.47
G107: 1 | H107: LWK 4/LWK5 links (Facettengelenk) | I107: 8 | J107: 4.6 | K107: 4.5 | L107: 1.8 | M107: =(K107*L107) -> 8.1
G108: 1 | H108: LWK5/SWK1 links (Facettengelenk) | I108: 11.3 | J108: 7.1 | K108: 6.4 | L108: 2.2 | M108: =(K108*L108) -> 14.08
G109: 1 | H109: LWK5/SWK1 rechts (Facettengelenk) | I109: 6.4 | J109: 4.3 | K109: 3.5 | L109: 3 | M109: =(K109*L109) -> 10.5
G110: 1 | H110: Tuber ischiadicum rechts (Sehne) | I110: 11.2 | J110: 8.5 | K110: 6.3 | L110: 5.1 | M110: =(K110*L110) -> 32.13
G111: 1 | H111: Kniegelenk links medial (Sehne) | I111: 6.1 | J111: 4.1 | K111: 4 | L111: 1.3 | M111: =(K111*L111) -> 5.2
G112: 1 | H112: MTP 2 links | I112: 6 | J112: 4.3 | K112: 4.2 | L112: 1.4 | M112: =(K112*L112) -> 5.88
G113: 1 | H113: MTP 2 rechts | I113: 3.6 | J113: 2.5 | K113: 2.3 | L113: 2.3 | M113: =(K113*L113) -> 5.29
G114: 1 | H114: Art. radiocarpal rechts | I114: 5.2 | J114: 3.1 | K114: 3 | L114: 2.9 | M114: =(K114*L114) -> 8.7
G115: 1 | H115: Art. ulnocarpal rechts | I115: 4.8 | J115: 3.1 | K115: 3 | L115: 1.9 | M115: =(K115*L115) -> 5.7
G116: 1 | H116: MCP 2 rechts | I116: 5.1 | J116: 3.3 | K116: 3.1 | L116: 2.3 | M116: =(K116*L116) -> 7.13
... G119: 1 | H119: PIP 5 links (Hand) | I119: 3.9 | J119: 3 | K119: 2.9 | L119: 2.5 | M119: =(K119*L119) -> 7.25
A121: 10 | B121: Stieb-Sackmann, Susanne | C121: 24023 | D121: 43493 | E121: 62 | F121: Spondylarthropathie | G121: 1 | H121: Ellbogen rechts | I121: 11.4 | J121: 7.8 | K121: 6.2 | L121: 13.8 | M121: =(K121*L121) -> 85.56
G122: 1 | H122: Art. ulnocarpalis links | I122: 4.6 | J122: 2.7 | K122: 2.7 | L122: 2.6 | M122: =(K122*L122) -> 7.02
G123: 1 | H123: MCP 3 rechts | I123: 4.4 | J123: 2.9 | K123: 2.9 | L123: 2.3 | M123: =(K123*L123) -> 6.67
G124: 1 | H124: Femur links (Sehne) | I124: 3.3 | J124: 2.6 | K124: 1.8 | L124: 24.4 | M124: =(K124*L124) -> 43.92
A126: 11 | B126: Catalkaya, Ahmet | C126: 33096 | D126: 43493 | E126: 28 | F126: Spondylarthropathie | G126: 1 | H126: SC-Gelenk rechts | I126: 7.4 | J126: 4.9 | K126: 4.2 | L126: 2.6 | M126: =(K126*L126) -> 10.92
...

Sheet Follow-up Spondylarthropathie
B1: Name | C1: Geburtsdatum | D1: Datum 1. FAPI | E1: Datum 2. FAPI | F1: Therapie | G1: Number of lesions 1. FAPI | H1: Location | I1: 1. FAPI SUVmax | J1: SUVpeak | K1: SUVmean | L1: MTV | M1: TLG | O1: Aorta | P1: Muscle | R1: Number of lesions 2. FAPI | S1: Location | T1: 2. FAPI SUVmax | U1: SUVpeak | V1: SUVmean | W1: MTV | X1: TLG | Z1: Aorta | AA1: Muscle | AC1: 1. FDG SUVmax | AD1: SUVpeak | AE1: SUVmean | AF1: MTV | AG1: TLG
A2: 1 | B2: Behne, Maik | C2: 30062 | D2: 43423 | E2: 43682 | F2: Secukinumab | G2: 1 | H2: linkes ISG dorsal | I2: 4 | J2: 3 | K2: 2.7 | L2: 2.6 | M2: =(K2*L2) -> 7.02 | O2: 1 | P2: 1 | R2: 0 | S2: linkes ISG dorsal | T2: 0 | U2: 0 | V2: 0 | W2: 0 | X2: 0 | Z2: 0.8 | AA2: 0.8
G3: 1 | H3: Kniegelenk rechts medial (Sehne) | I3: 4.5 | J3: 3.2 | K3: 2.7 | L3: 4.1 | M3: =(K3*L3) -> 11.07 | R3: 0 | S3: Kniegelenk rechts medial (Sehne) | T3: 0 | U3: 0 | V3: 0 | W3: 0 | X3: 0
G4: 1 | H4: Kniegelenk rechts lateral (Sehne) | I4: 5 | J4: 3.9 | K4: 3.9 | L4: 2.1 | M4: =(K4*L4) -> 8.19 | R4: 0 | S4: Kniegelenk rechts lateral (Sehne) | T4: 0 | U4: 0 | V4: 0 | W4: 0 | X4: 0
G5: 1 | H5: laterale Flexorensehnen Fuß rechts (Sehne) | I5: 7.3 | J5: 4.2 | K5: 4.2 | L5: 1.8 | M5: =(K5*L5) -> 7.56 | R5: 0 | S5: laterale Flexorensehnen Fuß rechts (Sehne) | T5: 0 | U5: 0 | V5: 0 | W5: 0 | X5: 0
G6: 1 | H6: plantare Flexoren rechts (Sehne) | I6: 7 | J6: 4.2 | K6: 3.7 | L6: 3.7 | M6: =(K6*L6) -> 13.69 | R6: 0 | S6: plantare Flexoren rechts (Sehne) | T6: 0 | U6: 0 | V6: 0 | W6: 0 | X6: 0
G7: 1 | H7: MCP 4 links | I7: 5.7 | J7: 3.7 | K7: 3.6 | L7: 2 | M7: =(K7*L7) -> 7.2 | R7: 0 | S7: MCP 4 links | T7: 0 | U7: 0 | V7: 0 | W7: 0 | X7: 0
G8: 1 | H8: MCP 2 links | I8: 4.2 | J8: 2.9 | K8: 2.8 | L8: 1.8 | M8: =(K8*L8) -> 5.04 | R8: 0 | S8: MCP 2 links | T8: 0 | U8: 0 | V8: 0 | W8: 0 | X8: 0
G9: 1 | H9: M. flexor carpi ulnaris links (Sehne) | I9: 4.4 | J9: 3.5 | K9: 3.5 | L9: 2.1 | M9: =(K9*L9) -> 7.35 | R9: 0 | S9: M. flexor carpi ulnaris links (Sehne) | T9: 0 | U9: 0 | V9: 0 | W9: 0 | X9: 0
G10: 1 | H10: HWK 5/6 links (Facettengelenk) | I10: 5.3 | J10: 2.4 | K10: 2.1 | L10: 4.4 | M10: =(K10*L10) -> 9.24 | R10: 0 | S10: HWK 5/6 links (Facettengelenk) | T10: 0 | U10: 0 | V10: 0 | W10: 0 | X10: 0
G11: 1 | H11: Costotransversalgelenk 1 links | I11: 4.1 | J11: 3.5 | K11: 3.2 | L11: 2.9 | M11: =(K11*L11) -> 9.28 | R11: 0 | S11: Costotransversalgelenk 1 links | T11: 0 | U11: 0 | V11: 0 | W11: 0 | X11: 0
G12: 1 | H12: Proc. Spinosus HWK 7 | I12: 3.2 | J12: 2.4 | K12: 2 | L12: 3.7 | M12: =(K12*L12) -> 7.4 | R12: 0 | S12: Proc. Spinosus HWK 7 | T12: 0 | U12: 0 | V12: 0 | W12: 0 | X12: 0
G13: 1 | H13: Costotransversalgelenk 8 rechts | I13: 4.2 | J13: 3.2 | K13: 2.9 | L13: 4.3 | M13: =(K13*L13) -> 12.47 | R13: 0 | S13: Costotransversalgelenk 8 rechts | T13: 0 | U13: 0 | V13: 0 | W13: 0 | X13: 0
G14: 1 | H14: Costotransversalgelenk 10 rechts | I14: 4.4 | J14: 3.5 | K14: 3.5 | L14: 2.1 | M14: =(K14*L14) -> 7.35 | R14: 0 | S14: Costotransversalgelenk 10 rechts | T14: 0 | U14: 0 | V14: 0 | W14: 0 | X14: 0
... G17: 1 | H17: prox. Femur links (Sehne) | I17: 4.6 | J17: 3.3 | K17: 2.5 | L17: 4.7 | M17: =(K17*L17) -> 11.75 | R17: 0 | S17: prox. Femur links (Sehne) | T17: 0 | U17: 0 | V17: 0 | W17: 0 | X17: 0
A19: 2 | B19: Heckman, Clifton | C19: 24418 | D19: 43430 | E19: 43654 | F19: Secukinumab | G19: 1 | H19: HWK2/HWK 3 links (Facettengelenk) | I19: 4.3 | J19: 3.2 | K19: 2.4 | L19: 7.3 | M19: =(K19*L19) -> 17.52 | O19: 1.3 | P19: 1 | R19: 0 | S19: HWK2/HWK 3 links (Facettengelenk) | T19: 0 | U19: 0 | V19: 0 | W19: 0 | X19: 0 | Z19: 0.7 | AA19: 0.7
G20: 1 | H20: Costotransversalgelenk BWK 4 rechts | I20: 4 | J20: 3.1 | K20: 2.8 | L20: 2.3 | M20: =(K20*L20) -> 6.44 | R20: 0 | S20: Costotransversalgelenk BWK 4 rechts | T20: 0 | U20: 0 | V20: 0 | W20: 0 | X20: 0
G21: 1 | H21: Costotransversalgelenk BWK 11 rechts | I21: 4.7 | J21: 3.5 | K21: 3.2 | L21: 2.7 | M21: =(K21*L21) -> 8.64 | R21: 0 | S21: Costotransversalgelenk BWK 11 rechts | T21: 0 | U21: 0 | V21: 0 | W21: 0 | X21: 0
G22: 1 | H22: Costotransversalgelenk BWK 11 links | I22: 4.4 | J22: 3.3 | K22: 2.9 | L22: 3.2 | M22: =(K22*L22) -> 9.28 | R22: 0 | S22: Costotransversalgelenk BWK 11 links | T22: 0 | U22: 0 | V22: 0 | W22: 0 | X22: 0
G23: 1 | H23: LWK 1/LWK 2 | I23: 3.5 | J23: 2.9 | K23: 2.3 | L23: 5.4 | M23: =(K23*L23) -> 12.42 | R23: 0 | S23: LWK 1/LWK 2 | T23: 0 | U23: 0 | V23: 0 | W23: 0 | X23: 0
G24: 1 | H24: LWK 4 rechts (Facettengelenk) | I24: 4.2 | J24: 3.5 | K24: 3.2 | L24: 2.7 | M24: =(K24*L24) -> 8.64 | R24: 0 | S24: LWK 4 rechts (Facettengelenk) | T24: 0 | U24: 0 | V24: 0 | W24: 0 | X24: 0
G25: 1 | H25: Costoclavikulargelenk rechts | I25: 4.2 | J25: 2.6 | K25: 2.4 | L25: 1.9 | M25: =(K25*L25) -> 4.56 | R25: 1 | S25: Costoclavikulargelenk rechts | T25: 5.4 | U25: 3.3 | V25: 3.1 | W25: 2.2 | X25: =(V25*W25) -> 6.82
G26: 1 | H26: Sternoclavikulargelenk links | I26: 4.3 | J26: 3.1 | K26: 2.6 | L26: 3.4 | M26: =(K26*L26) -> 8.84 | R26: 0 | S26: Sternoclavikulargelenk links | T26: 0 | U26: 0 | V26: 0 | W26: 0 | X26: 0
G27: 1 | H27: Femur rechts (Sehne) | I27: 4.1 | J27: 3.3 | K27: 2.8 | L27: 7.5 | M27: =(K27*L27) -> 21 | R27: 0 | S27: Femur rechts (Sehne) | T27: 0 | U27: 0 | V27: 0 | W27: 0 | X27: 0
R28: 1 | S28: LWK4/LWK5 interspinös | T28: 4.5 | U28: 2.8 | V28: 2.6 | W28: 2.8 | X28: =(V28*W28) -> 7.28
A30: 3 | B30: Mahir, Guntram | C30: 23467 | D30: 43472 | E30: 43738 | F30: Secukinumab | G30: 1 | H30: LWK 4/LWK 5 links (Facettengelenk) | I30: 4.8 | J30: 3.2 | K30: 2.9 | L30: 2.5 | M30: =(K30*L30) -> 7.25 | O30: 0.9 | P30: 0.8 | R30: 1 | S30: LWK 4/LWK 5 links (Facettengelenk) | T30: 4 | U30: 2.5 | V30: 2.5 | W30: 1.6 | X30: =(V30*W30) -> 4 | Z30: 0.7 | AA30: 0.9
G31: 1 | H31: LWK 4/LWK 5 rechts (Facettengelenk) | I31: 4.6 | J31: 3.1 | K31: 2.9 | L31: 3.1 | M31: =(K31*L31) -> 8.99 | R31: 0 | S31: LWK 4/LWK 5 rechts (Facettengelenk) | T31: 0 | U31: 0 | V31: 0 | W31: 0 | X31: 0
G32: 1 | H32: HWK 3/4 links (Facettengelenk) | I32: 7 | J32: 4.4 | K32: 4 | L32: 3.8 | M32: =(K32*L32) -> 15.2 | R32: 1 | S32: HWK 3/4 links (Facettengelenk) | T32: 4.5 | U32: 2.9 | V32: 2.5 | W32: 2.6 | X32: =(V32*W32) -> 6.5
G33: 1 | H33: LWK5/SWK1 links (Facettengelenk) | I33: 3.5 | J33: 2.3 | K33: 2.4 | L33: 2.8 | M33: =(K33*L33) -> 6.72 | R33: 1 | S33: LWK5/SWK1 links (Facettengelenk) | T33: 2.3 | U33: 1.8 | V33: 1.8 | W33: 1.1 | X33: =(V33*W33) -> 1.98
G34: 1 | H34: Femur links (Sehne) | I34: 4.3 | J34: 2.7 | K34: 2.2 | L34: 10.3 | M34: =(K34*L34) -> 22.66 | R34: 0 | S34: Femur links (Sehne) | T34: 0 | U34: 0 | V34: 0 | W34: 0 | X34: 0
G35: 1 | H35: Strecksehne D2 rechts palmar (Sehne) | I35: 3.4 | J35: 1.8 | K35: 2.1 | L35: 2.2 | M35: =(K35*L35) -> 4.62 | R35: 0 | S35: Strecksehne D2 rechts palmar (Sehne) | T35: 0 | U35: 0 | V35: 0 | W35: 0 | X35: 0
G36: 1 | H36: Strecksehne D3 rechts palmar (Sehne) | I36: 3.6 | J36: 2 | K36: 2.7 | L36: 2.1 | M36: =(K36*L36) -> 5.67 | R36: 0 | S36: Strecksehne D3 rechts palmar (Sehne) | T36: 0 | U36: 0 | V36: 0 | W36: 0 | X36: 0
G37: 1 | H37: Spina iliaca ant. inf. links (Sehne) | I37: 4.3 | J37: 2.7 | K37: 2.3 | L37: 5 | M37: =(K37*L37) -> 11.5 | R37: 0 | S37: Spina iliaca ant. Inf. Links (Sehne | T37: 0 | U37: 0 | V37: 0 | W37: 0 | X37: 0
R38: 1 | S38: Karpaltunnel rechts | T38: 6.5 | U38: 5 | V38: 3.7 | W38: 11.4 | X38: 42.1

Sheet Folow-up Lungenfibrose
B1: Name | C1: Geburtsdatum | D1: Datum 1. FAPI | E1: Datum 2. FAPI | F1: Number of affected lobes | G1: linker Oberlappen | H1: 1. FAPI SUVmax | I1: SUVpeak | J1: SUVmean | K1: MTV | L1: TLG | M1: linker Unterlappen | N1: SUVmax | O1: SUVpeak | P1: SUVmean | Q1: MTV | R1: TLG | S1: rechter Oberlappen | T1: SUVmax | U1: SUVpeak | V1: SUVmean | W1: MTV | X1: TLG | Y1: rechter Unterlappen | Z1: SUVmax | AA1: SUVpeak | AB1: SUVmean | AC1: MTV | AD1: TLG | AE1: Mittellappen | AF1: SUVmax | AG1: SUVpeak | AH1: SUVmean | AI1: MTV | AJ1: TLG | AK1: Background | AL1: linker Oberlappen | AM1: SUVmax | AN1: SUVpeak | AO1: SUVmean | AP1: MTV | AQ1: TLG | AS1: 2. FAPI | AT1: Number of affected lobes | AU1: linker Oberlappen | AV1: 2. FAPI SUVmax | AW1: SUVpeak | AX1: SUVmean | AY1: MTV | AZ1: TLG | BA1: linker Unterlappen | BB1: SUVmax | BC1: SUVpeak | BD1: SUVmean | BE1: MTV | BF1: TLG | BG1: rechter Oberlappen | BH1: SUVmax | BI1: SUVpeak | BJ1: SUVmean | BK1: MTV | BL1: TLG | BM1: rechter Unterlappen | BN1: SUVmax | BO1: SUVpeak | BP1: SUVmean | BQ1: MTV | BR1: TLG | BS1: Mittellappen | BT1: SUVmax | BU1: SUVpeak | BV1: SUVmean | BW1: MTV | BX1: TLG | BY1: Background | BZ1: linker Oberlappen | CA1: SUVmax | CB1: SUVpeak | CC1: SUVmean | CD1: MTV | CE1: TLG
A2: 18 | B2: Morina, Sami | C2: 29587 | D2: 43507 | E2: 43703 | F2: 3 | G2: 1 | H2: 3 | I2: 2.2 | J2: 1.6 | K2: 13.3 | L2: =(J2*K2) -> 21.28 | M2: 1 | N2: 3.9 | O2: 3 | P2: 2.1 | Q2: 110.2 | R2: =(P2*Q2) -> 231.42 | S2: 0 | T2: 0 | U2: 0 | V2: 0 | W2: 0 | X2: 0 | Y2: 1 | Z2: 4 | AA2: 3.1 | AB2: 2.1 | AC2: 105.8 | AD2: =(AB2*AC2) -> 222.18 | AE2: 0 | AF2: 0 | AG2: 0 | AH2: 0 | AI2: 0 | AJ2: 0 | AM2: 0.8 | AN2: 0.6 | AO2: 0.4 | AP2: 0 | AQ2: 0 | AU2: 1 | AV2: 2.5 | AW2: 2.1 | AX2: 1.7 | AY2: 3.8 | AZ2: =(AX2*AY2) -> 6.46 | BA2: 1 | BB2: 3.3 | BC2: 2.3 | BD2: 1.7 | BE2: 29.8 | BF2: =(BD2*BE2) -> 50.66 | BG2: 0 | BH2: 0 | BI2: 0 | BJ2: 0 | BK2: 0 | BL2: 0 | BM2: 1 | BN2: 3.2 | BO2: 2.3 | BP2: 1.7 | BQ2: 28.2 | BR2: =(BP2*BQ2) -> 47.94 | BS2: 0 | BT2: 0 | BU2: 0 | BV2: 0 | BW2: 0 | BX2: 0 | CA2: 0.7 | CB2: 0.7 | CC2: 0.5 | CD2: 0 | CE2: 0

Sheet RA-Gruppe
B1: Name | C1: Geburtsdatum | D1: Scandatum | E1: Age | F1: Indikation | H1: Number of lesions | I1: Location | J1: FAPI SUVmax | K1: SUVpeak | L1: SUVmean | M1: MTV | N1: TLG | P1: Aorta | Q1: Muscle
A2: 1 | B2: Pfister, Alois | C2: 23438 | D2: 43374 | E2: 54 | F2: Rheumatoide Arthritis | H2: 1 | I2: Schultergelenk links | J2: 4.3 | K2: 2.6 | L2: 2.8 | M2: 14 | N2: =(L2*M2) -> 39.2 | P2: 1 | Q2: 1
H3: 1 | I3: Kniegelenk rechts | J3: 11.6 | K3: 7.8 | L3: 6.1 | M3: 19.4 | N3: =(L3*M3) -> 118.34
H4: 1 | I4: Art. Tibiofibularis links | J4: 11 | K4: 4.6 | L4: 6.1 | M4: 1.5 | N4: =(L4*M4) -> 9.15
H5: 1 | I5: Achillessehne rechts (Sehne) | J5: 8.8 | K5: 5.5 | L5: 5.5 | M5: 2 | N5: =(L5*M5) -> 11
H6: 1 | I6: DIP 1 rechts | J6: 9.4 | K6: 5.3 | L6: 5.3 | M6: 2.7 | N6: =(L6*M6) -> 14.31
H7: 1 | I7: DIP 4 rechts | J7: 4 | K7: 3.3 | L7: 3.2 | M7: 1.4 | N7: =(L7*M7) -> 4.48
H8: 1 | I8: Art. Subtalaris links | J8: 8.7 | K8: 4.5 | L8: 4.4 | M8: 4.9 | N8: =(L8*M8) -> 21.56
H9: 1 | I9: MTP links | J9: 9.4 | K9: 5.2 | L9: 5.1 | M9: 4.9 | N9: =(L9*M9) -> 24.99
H10: 1 | I10: MTP links | J10: 7.2 | K10: 4.7 | L10: 4 | M10: 8.1 | N10: =(L10*M10) -> 32.4
H11: 1 | I11: MTP links | J11: 5.1 | K11: 2.8 | L11: 3 | M11: 2.4 | N11: =(L11*M11) -> 7.2
H12: 1 | I12: Handgelenk links (ulnocarpal) | J12: 6.1 | K12: 4.1 | L12: 3.6 | M12: 5.7 | N12: =(L12*M12) -> 20.52
H13: 1 | I13: Handgelenk rechts (radiocarpal) | J13: 7.7 | K13: 4 | L13: 4.4 | M13: 1.4 | N13: =(L13*M13) -> 6.16
H14: 1 | I14: Handgelenk rechts (ulnocarpal) | J14: 8.4 | K14: 5.5 | L14: 4.9 | M14: 2.3 | N14: =(L14*M14) -> 11.27
G15: 14 | H15: 1 | I15: MCP rechts | J15: 5.7 | K15: 2.7 | L15: 3.4 | M15: 1.2 | N15: =(L15*M15) -> 4.08
A17: 3 | B17: Pachur, Christina | C17: 27932 | D17: 43423 | E17: 42 | F17: Rheumatoide Arthritis | H17: 1 | I17: Art. Talocalcanea rechts | J17: 12.2 | K17: 8.4 | L17: 6.7 | M17: 5.3 | N17: =(L17*M17) -> 35.51 | P17: 0.7 | Q17: 0.7
H18: 1 | I18: Femur links (Sehne)/Insertionstendinopathie | J18: 4.1 | K18: 2.6 | L18: 2.4 | M18: 2.8 | N18: =(L18*M18) -> 6.72
H19: 1 | I19: PIP Fuss rechts | J19: 5 | K19: 3.4 | L19: 2.8 | M19: 6.2 | N19: =(L19*M19) -> 17.36
G20: 4 | H20: 1 | I20: radialseitige Extensorensehnen linke Hand | J20: 11.4 | K20: 6.1 | L20: 6.3 | M20: 1.9 | N20: =(L20*M20) -> 11.97
A22: 6 | B22: Sindel, Friedrich | C22: 18099 | D22: 43472 | E22: 59 | F22: Rheumatoide Arthritis | H22: 1 | I22: Schultergelenk rechts | J22: 7.6 | K22: 5.5 | L22: 4.1 | M22: 26.28 | N22: =(L22*M22) -> 107.748 | P22: 1 | Q22: 1
H23: 1 | I23: Schultergelenk links | J23: 9.4 | K23: 6.9 | L23: 5.5 | M23: 8.1 | N23: =(L23*M23) -> 44.55
H24: 1 | I24: Hüftgelenk rechts | J24: 11 | K24: 8.3 | L24: 6.2 | M24: 7.9 | N24: =(L24*M24) -> 48.98
H25: 1 | I25: Hüftgelenk links | J25: 5.3 | K25: 3.7 | L25: 2.8 | M25: 15.6 | N25: =(L25*M25) -> 43.68
H26: 1 | I26: Tuber ischiadicum rechts (Sehne)/Insertionstendinopathie | J26: 5.5 | K26: 4.5 | L26: 3.5 | M26: 6.5 | N26: =(L26*M26) -> 22.75
H27: 1 | I27: Tuber ischiadicum links (Sehne)/Insertionstendinopathie | J27: 4 | K27: 3 | L27: 2.4 | M27: 5 | N27: =(L27*M27) -> 12
H28: 1 | I28: Proc. spinosus HWK 7 | J28: 5.6 | K28: 3.9 | L28: 3.1 | M28: 9.3 | N28: =(L28*M28) -> 28.83
H29: 1 | I29: Kniegelenk links | J29: 11.6 | K29: 7 | L29: 5.8 | M29: 17.1 | N29: =(L29*M29) -> 99.18
H30: 1 | I30: Kniegelenk rechts | J30: 8.9 | K30: 4.9 | L30: 4.7 | M30: 3.2 | N30: =(L30*M30) -> 15.04
H31: 1 | I31: Tarsometartarsale links | J31: 6 | K31: 4.6 | L31: 3.6 | M31: 4.6 | N31: =(L31*M31) -> 16.56
H32: 1 | I32: Tarsometartarsale rechts | J32: 5.7 | K32: 4.3 | L32: 3.2 | M32: 8.3 | N32: =(L32*M32) -> 26.56
H33: 1 | I33: MTP 1 rechts | J33: 4.2 | K33: 2.9 | L33: 3 | M33: 2.3 | N33: =(L33*M33) -> 6.9
H34: 1 | I34: MTP 4 rechts | J34: 4.3 | K34: 2.7 | L34: 2.3 | M34: 4.9 | N34: =(L34*M34) -> 11.27
... H45: 1 | I45: LWK3/LWK4 links (Facettengelenk) | J45: 3.3 | K45: 2.4 | L45: 1.9 | M45: 4 | N45: =(L45*M45) -> 7.6
G46: 25 | H46: 1 | I46: LWK4/LWK5 rechts (Facettengelenk) | J46: 3.8 | K46: 2.8 | L46: 2.2 | M46: 8.5 | N46: =(L46*M46) -> 18.7
A48: 9 | B48: Klein, Christine | C48: 21637 | D48: 43486 | E48: 59 | F48: Rheumatoide Arthritis | H48: 1 | I48: HWK4/HWK5 links (Facettengelenk) | J48: 4.8 | K48: 3.4 | L48: 2.8 | M48: 3.9 | N48: =(L48*M48) -> 10.92 | P48: 1.3 | Q48: 1.3
H49: 1 | I49: SC Gelenk rechts | J49: 5.2 | K49: 3.4 | L49: 3.1 | M49: 2 | N49: =(L49*M49) -> 6.2
H50: 1 | I50: LWK 4/LWK5 rechts (Facettengelenk) | J50: 5.4 | K50: 3.8 | L50: 3.1 | M50: 3.7 | N50: =(L50*M50) -> 11.47
H51: 1 | I51: LWK 4/LWK5 links (Facettengelenk) | J51: 8 | K51: 4.6 | L51: 4.5 | M51: 1.8 | N51: =(L51*M51) -> 8.1
H52: 1 | I52: LWK5/SWK1 links (Facettengelenk) | J52: 11.3 | K52: 7.1 | L52: 6.4 | M52: 2.2 | N52: =(L52*M52) -> 14.08
H53: 1 | I53: LWK5/SWK1 rechts (Facettengelenk) | J53: 6.4 | K53: 4.3 | L53: 3.5 | M53: 3 | N53: =(L53*M53) -> 10.5
H54: 1 | I54: Tuber ischiadicum rechts (Sehne) | J54: 11.2 | K54: 8.5 | L54: 6.3 | M54: 5.1 | N54: =(L54*M54) -> 32.13
H55: 1 | I55: Kniegelenk links medial (Sehne) | J55: 6.1 | K55: 4.1 | L55: 4 | M55: 1.3 | N55: =(L55*M55) -> 5.2
H56: 1 | I56: MTP 2 links | J56: 6 | K56: 4.3 | L56: 4.2 | M56: 1.4 | N56: =(L56*M56) -> 5.88
H57: 1 | I57: MTP 2 rechts | J57: 3.6 | K57: 2.5 | L57: 2.3 | M57: 2.3 | N57: =(L57*M57) -> 5.29
H58: 1 | I58: Art. radiocarpal rechts | J58: 5.2 | K58: 3.1 | L58: 3 | M58: 2.9 | N58: =(L58*M58) -> 8.7
H59: 1 | I59: Art. ulnocarpal rechts | J59: 4.8 | K59: 3.1 | L59: 3 | M59: 1.9 | N59: =(L59*M59) -> 5.7
H60: 1 | I60: MCP 2 rechts | J60: 5.1 | K60: 3.3 | L60: 3.1 | M60: 2.3 | N60: =(L60*M60) -> 7.13
... H62: 1 | I62: MCP 3 links | J62: 5 | K62: 3.3 | L62: 3.1 | M62: 2.2 | N62: =(L62*M62) -> 6.82
G63: 16 | H63: 1 | I63: PIP 5 links (Hand) | J63: 3.9 | K63: 3 | L63: 2.9 | M63: 2.5 | N63: =(L63*M63) -> 7.25
A65: 12 | B65: Seuss, Gerlinde | C65: 23985 | D65: 43514 | E65: 53 | F65: V.a. Rheumatoide Arthritis | H65: 1 | I65: AC-Gelenk rechts | J65: 4.4 | K65: 2.9 | L65: 2.7 | M65: 1.8 | N65: =(L65*M65) -> 4.86 | P65: 1.2 | Q65: 1.3
H66: 1 | I66: Sehne rechts radiocarpal palmar (Sehne) | J66: 4.3 | K66: 2.6 | L66: 2.5 | M66: 2 | N66: =(L66*M66) -> 5
G67: 3 | H67: 1 | I67: Sehne rechts dorsocarpal (Sehne) | J67: 4.6 | K67: 2.6 | L67: 2.8 | M67: 2.1 | N67: =(L67*M67) -> 5.88
A69: 19 | B69: Geldner, Georg | C69: 18859 | D69: 43647 | E69: 67 | F69: Rheumatoide Arthritis | H69: 1 | I69: linkes Kniegelenk | J69: 7.1 | K69: 3.9 | L69: 3.5 | M69: 6.9 | N69: =(L69*M69) -> 24.15 | P69: 1 | Q69: 1
H70: 1 | I70: Art. Subtalaris links | J70: 7.6 | K70: 5.2 | L70: 4.2 | M70: 14.7 | N70: =(L70*M70) -> 61.74
H71: 1 | I71: DIP 1 links (Fuß) | J71: 7.2 | K71: 5.6 | L71: 4.2 | M71: 6.7 | N71: =(L71*M71) -> 28.14
H72: 1 | I72: Art. Subtalaris rechts | J72: 7.9 | K72: 5.7 | L72: 4.5 | M72: 12 | N72: =(L72*M72) -> 54
H73: 1 | I73: PIP 1 rechts (Fuß) | J73: 5 | K73: 3.6 | L73: 2.9 | M73: 6.8 | N73: =(L73*M73) -> 19.72
H74: 1 | I74: DIP 1 rechts (Fuß) | J74: 4.7 | K74: 3.9 | L74: 3 | M74: 7.2 | N74: =(L74*M74) -> 21.6
H75: 1 | I75: Carpometacarpal 1 | J75: 9.4 | K75: 6 | L75: 5.6 | M75: 4.6 | N75: =(L75*M75) -> 25.76
H76: 1 | I76: DIP 1 rechts (Hand) | J76: 4.4 | K76: 2.6 | L76: 3.1 | M76: 1.4 | N76: =(L76*M76) -> 4.34
H77: 1 | I77: MCP 3 rechts | J77: 7.7 | K77: 5 | L77: 4.3 | M77: 3.9 | N77: =(L77*M77) -> 16.77
H78: 1 | I78: MCP 5 rechts | J78: 5 | K78: 2.1 | L78: 3.1 | M78: 1.1 | N78: =(L78*M78) -> 3.41
H79: 1 | I79: radiocarpal links | J79: 11.7 | K79: 7.4 | L79: 7.6 | M79: 4.5 | N79: =(L79*M79) -> 34.2
H80: 1 | I80: ulnocarpal links | J80: 12.3 | K80: 8.2 | L80: 7.5 | M80: 2.4 | N80: =(L80*M80) -> 18
H81: 1 | I81: intercarpal links | J81: 10 | K81: 5.7 | L81: 6.3 | M81: 1.4 | N81: =(L81*M81) -> 8.82
... H83: 1 | I83: Hüftgelenk rechts | J83: 6.5 | K83: 4 | L83: 3.4 | M83: 18.6 | N83: =(L83*M83) -> 63.24
G84: 16 | H84: 1 | I84: Hüftgelenk links | J84: 51 | K84: 3.1 | L84: 2.5 | M84: 9.3 | N84: =(L84*M84) -> 23.25
A86: 21 | B86: Ebert, Thomas | C86: 25148 | D86: 43752 | E86: 50 | F86: Rheumatoide Arthritis | H86: 1 | I86: rechts ulnocarpal | J86: 7.7 | K86: 4.3 | L86: 4.7 | M86: 1.5 | N86: =(L86*M86) -> 7.05 | P86: 0.8 | Q86: 0.8
H87: 1 | I87: rechts radiocarpal | J87: 7.9 | K87: 4.7 | L87: 4.6 | M87: 1.9 | N87: =(L87*M87) -> 8.74
H88: 1 | I88: MCP 3 rechts | J88: 8.4 | K88: 5.1 | L88: 4.7 | M88: 4.8 | N88: =(L88*M88) -> 22.56
G89: 4 | H89: 1 | I89: MCP 2 links | J89: 5.4 | K89: 3 | L89: 2.8 | M89: 5.4 | N89: =(L89*M89) -> 15.12

Sheet SpA-Gruppe
B1: Name | C1: Geburtsdatum | D1: Scandatum | E1: Age | F1: Indikation | H1: Number of lesions | I1: Location | J1: FAPI SUVmax | K1: SUVpeak | L1: SUVmean | M1: MTV | N1: TLG | P1: Aorta | Q1: Muscle
A2: 2 | B2: Behne, Maik | C2: 30062 | D2: 43423 | E2: 36 | F2: Spondylarthropathie | H2: 1 | I2: linkes ISG dorsal | J2: 4 | K2: 3 | L2: 2.7 | M2: 2.6 | N2: =(L2*M2) -> 7.02 | P2: 1 | Q2: 1
H3: 1 | I3: Kniegelenk rechts medial (Sehne) | J3: 4.5 | K3: 3.2 | L3: 2.7 | M3: 4.1 | N3: =(L3*M3) -> 11.07
H4: 1 | I4: Kniegelenk rechts lateral (Sehne) | J4: 5 | K4: 3.9 | L4: 3.9 | M4: 2.1 | N4: =(L4*M4) -> 8.19
H5: 1 | I5: laterale Flexorensehnen Fuß rechts (Sehne) | J5: 7.3 | K5: 4.2 | L5: 4.2 | M5: 1.8 | N5: =(L5*M5) -> 7.56
H6: 1 | I6: plantare Flexoren rechts (Sehne) | J6: 7 | K6: 4.2 | L6: 3.7 | M6: 3.7 | N6: =(L6*M6) -> 13.69
H7: 1 | I7: MCP 4 links | J7: 5.7 | K7: 3.7 | L7: 3.6 | M7: 2 | N7: =(L7*M7) -> 7.2
H8: 1 | I8: MCP 2 links | J8: 4.2 | K8: 2.9 | L8: 2.8 | M8: 1.8 | N8: =(L8*M8) -> 5.04
H9: 1 | I9: M. flexor carpi ulnaris links (Sehne) | J9: 4.4 | K9: 3.5 | L9: 3.5 | M9: 2.1 | N9: =(L9*M9) -> 7.35
H10: 1 | I10: HWK 5/6 links (Facettengelenk) | J10: 5.3 | K10: 2.4 | L10: 2.1 | M10: 4.4 | N10: =(L10*M10) -> 9.24
H11: 1 | I11: Costotransversalgelenk 1 links | J11: 4.1 | K11: 3.5 | L11: 3.2 | M11: 2.9 | N11: =(L11*M11) -> 9.28
H12: 1 | I12: Proc. Spinosus HWK 7 | J12: 3.2 | K12: 2.4 | L12: 2 | M12: 3.7 | N12: =(L12*M12) -> 7.4
H13: 1 | I13: Costotransversalgelenk 8 rechts | J13: 4.2 | K13: 3.2 | L13: 2.9 | M13: 4.3 | N13: =(L13*M13) -> 12.47
H14: 1 | I14: Costotransversalgelenk 10 rechts | J14: 4.4 | K14: 3.5 | L14: 3.5 | M14: 2.1 | N14: =(L14*M14) -> 7.35
... H16: 1 | I16: LWK 4/LWK5 rechts (Facettengelenk) | J16: 4.6 | K16: 3.6 | L16: 3 | M16: 6.4 | N16: =(L16*M16) -> 19.2
G17: 16 | H17: 1 | I17: prox. Femur links (Sehne)/Insertionstendinopathie | J17: 4.6 | K17: 3.3 | L17: 2.5 | M17: 4.7 | N17: =(L17*M17) -> 11.75
A19: 4 | B19: Heckman, Clifton | C19: 24418 | D19: 43430 | E19: 52 | F19: Spondylarthropathie | H19: 1 | I19: HWK2/HWK 3 links (Facettengelenk) | J19: 4.3 | K19: 3.2 | L19: 2.4 | M19: 7.3 | N19: =(L19*M19) -> 17.52 | P19: 1.3 | Q19: 1
H20: 1 | I20: Costotransversalgelenk BWK 4 rechts | J20: 4 | K20: 3.1 | L20: 2.8 | M20: 2.3 | N20: =(L20*M20) -> 6.44
H21: 1 | I21: Costotransversalgelenk BWK 11 rechts | J21: 4.7 | K21: 3.5 | L21: 3.2 | M21: 2.7 | N21: =(L21*M21) -> 8.64
H22: 1 | I22: Costotransversalgelenk BWK 11 links | J22: 4.4 | K22: 3.3 | L22: 2.9 | M22: 3.2 | N22: =(L22*M22) -> 9.28
H23: 1 | I23: LWK 1/LWK 2 | J23: 3.5 | K23: 2.9 | L23: 2.3 | M23: 5.4 | N23: =(L23*M23) -> 12.42
H24: 1 | I24: LWK 4 rechts (Facettengelenk) | J24: 4.2 | K24: 3.5 | L24: 3.2 | M24: 2.7 | N24: =(L24*M24) -> 8.64
H25: 1 | I25: Costoclavikulargelenk rechts | J25: 4.2 | K25: 2.6 | L25: 2.4 | M25: 1.9 | N25: =(L25*M25) -> 4.56
H26: 1 | I26: Sternoclavikulargelenk links | J26: 4.3 | K26: 3.1 | L26: 2.6 | M26: 3.4 | N26: =(L26*M26) -> 8.84
G27: 9 | H27: 1 | I27: Femur rechts (Sehne)/Insertionstendinopathie | J27: 4.1 | K27: 3.3 | L27: 2.8 | M27: 7.5 | N27: =(L27*M27) -> 21
A29: 5 | B29: Oeser, Heidi | C29: 21589 | D29: 43444 | E29: 59 | F29: Spondylarthropathie/Tendinopathie | H29: 1 | I29: Calcaneus links (Fersensporn) | J29: 4.1 | K29: 2.6 | L29: 2.6 | M29: 1.6 | N29: =(L29*M29) -> 4.16 | P29: 1.6 | Q29: 1.3
H30: 1 | I30: MTP rechts | J30: 5.1 | K30: 2.8 | L30: 3 | M30: 1.1 | N30: =(L30*M30) -> 3.3
G31: 3 | H31: 1 | I31: Femur links (Sehne)/Insertionstendinopathie | J31: 6.3 | K31: 4.4 | L31: 3.7 | M31: 5.3 | N31: =(L31*M31) -> 19.61
A33: 7 | B33: Mahir, Guntram | C33: 23467 | D33: 43472 | E33: 54 | F33: Spondylitis ankylosans | H33: 1 | I33: LWK 4/LWK 5 links (Facettengelenk) | J33: 4.8 | K33: 3.2 | L33: 2.9 | M33: 2.5 | N33: =(L33*M33) -> 7.25 | P33: 0.9 | Q33: 0.8
H34: 1 | I34: LWK 4/LWK 5 rechts (Facettengelenk) | J34: 4.6 | K34: 3.1 | L34: 2.9 | M34: 3.1 | N34: =(L34*M34) -> 8.99
H35: 1 | I35: HWK 3/4 links (Facettengelenk) | J35: 7 | K35: 4.4 | L35: 4 | M35: 3.8 | N35: =(L35*M35) -> 15.2
H36: 1 | I36: LWK5/SWK1 links (Facettengelenk) | J36: 3.5 | K36: 2.3 | L36: 2.4 | M36: 2.8 | N36: =(L36*M36) -> 6.72
H37: 1 | I37: Femur links (Sehne) | J37: 4.3 | K37: 2.7 | L37: 2.2 | M37: 10.3 | N37: =(L37*M37) -> 22.66
H38: 1 | I38: Strecksehne D2 rechts palmar (Sehne) | J38: 3.4 | K38: 1.8 | L38: 2.1 | M38: 2.2 | N38: =(L38*M38) -> 4.62
H39: 1 | I39: Strecksehne D3 rechts palmar (Sehne) | J39: 3.6 | K39: 2 | L39: 2.7 | M39: 2.1 | N39: =(L39*M39) -> 5.67
G40: 8 | H40: 1 | I40: Spina iliaca ant. inf. links (Sehne) | J40: 4.3 | K40: 2.7 | L40: 2.3 | M40: 5 | N40: =(L40*M40) -> 11.5
A42: 8 | B42: Popp-Kinzel, Erika | C42: 20776 | D42: 43479 | E42: 62 | F42: Psoriasisarthritis | H42: 1 | I42: Schultergelenk links | J42: 3.4 | K42: 2.5 | L42: 1.7 | M42: 54.8 | N42: =(L42*M42) -> 93.16 | P42: 1 | Q42: 1
H43: 1 | I43: Tuber ischiadicum links (Sehne)/Insertionstendinopathie | J43: 8.6 | K43: 5 | L43: 4.9 | M43: 1.3 | N43: =(L43*M43) -> 6.37
H44: 1 | I44: Tuber ischiadicum rechts (Sehne)/Insertionstendinopathie | J44: 5.4 | K44: 3.9 | L44: 3 | M44: 4.8 | N44: =(L44*M44) -> 14.4
H45: 1 | I45: SC-Gelenk links | J45: 4.2 | K45: 2.8 | L45: 2.3 | M45: 7.7 | N45: =(L45*M45) -> 17.71
H46: 1 | I46: Sehne M. tibialis anterior rechts (Sehne) | J46: 6.2 | K46: 4 | L46: 3.4 | M46: 6.4 | N46: =(L46*M46) -> 21.76
H47: 1 | I47: Beugesehne Os metatarsale 1 rechts (Sehne) | J47: 3.4 | K47: 2.4 | L47: 2 | M47: 4.8 | N47: =(L47*M47) -> 9.6
H48: 1 | I48: MCP 2 rechts | J48: 7.3 | K48: 4 | L48: 4.3 | M48: 3.4 | N48: =(L48*M48) -> 14.62
H49: 1 | I49: PIP 3 rechts (Hand) | J49: 3.4 | K49: 2.5 | L49: 2.3 | M49: 2.4 | N49: =(L49*M49) -> 5.52
H50: 1 | I50: PIP 1 rechts (Hand) | J50: 3.1 | K50: 1.6 | L50: 1.7 | M50: 1.6 | N50: =(L50*M50) -> 2.72
H51: 1 | I51: MCP 2 links | J51: 4.9 | K51: 3.1 | L51: 3.2 | M51: 4.2 | N51: =(L51*M51) -> 13.44
H52: 1 | I52: MCP 3 links | J52: 4.9 | K52: 3.1 | L52: 2.9 | M52: 3.1 | N52: =(L52*M52) -> 8.99
H53: 1 | I53: PIP 2 links (Hand) | J53: 6.7 | K53: 3.3 | L53: 3.8 | M53: 1.9 | N53: =(L53*M53) -> 7.22
H54: 1 | I54: PIP 3 links (Hand) | J54: 3.1 | K54: 2 | L54: 1.8 | M54: 2.6 | N54: =(L54*M54) -> 4.68
G55: 14 | H55: 1 | I55: DIP 3 links (Hand) | J55: 4.9 | K55: 3 | L55: 3 | M55: 2.4 | N55: =(L55*M55) -> 7.2
A57: 10 | B57: Stieb-Sackmann, Susanne | C57: 24023 | D57: 43493 | E57: 62 | F57: Spondylarthropathie | H57: 1 | I57: Ellbogen rechts | J57: 11.4 | K57: 7.8 | L57: 6.2 | M57: 13.8 | N57: =(L57*M57) -> 85.56 | P57: 1 | Q57: 1.3
H58: 1 | I58: Art. ulnocarpalis links | J58: 4.6 | K58: 2.7 | L58: 2.7 | M58: 2.6 | N58: =(L58*M58) -> 7.02
H59: 1 | I59: MCP 3 rechts | J59: 4.4 | K59: 2.9 | L59: 2.9 | M59: 2.3 | N59: =(L59*M59) -> 6.67
G60: 4 | H60: 1 | I60: Femur links (Sehne) | J60: 3.3 | K60: 2.6 | L60: 1.8 | M60: 24.4 | N60: =(L60*M60) -> 43.92
A62: 11 | B62: Catalkaya, Ahmet | C62: 33096 | D62: 43493 | E62: 28 | F62: Spondylarthropathie | H62: 1 | I62: SC-Gelenk rechts | J62: 7.4 | K62: 4.9 | L62: 4.2 | M62: 2.6 | N62: =(L62*M62) -> 10.92 | P62: 0.7 | Q62: 0.6
H63: 1 | I63: Costotransversalgelenk 1 rechts | J63: 5.4 | K63: 3.5 | L63: 3.2 | M63: 2.1 | N63: =(L63*M63) -> 6.72
H64: 1 | I64: Sternocostalesgelenk 1 rechts | J64: 7.4 | K64: 4.9 | L64: 4 | M64: 3 | N64: =(L64*M64) -> 12
G65: 4 | H65: 1 | I65: LWK4/LWK5 links (Facettengelenk) | J65: 9.2 | K65: 5.6 | L65: 5.3 | M65: 1.9 | N65: =(L65*M65) -> 10.07
A67: 13 | B67: Strahl, Petra | C67: 24436 | D67: 43521 | E67: 52 | F67: Psoriasisarthritis | H67: 1 | I67: Kniegelenk links | J67: 5.4 | K67: 3.6 | L67: 2.7 | M67: 33.9 | N67: =(L67*M67) -> 91.53 | P67: 0.9 | Q67: 1.3
H68: 1 | I68: Kniegelenk rechts | J68: 4.7 | K68: 3.6 | L68: 2.4 | M68: 68.1 | N68: =(L68*M68) -> 163.44
H69: 1 | I69: PIP 2 rechts (Hand) | J69: 4.8 | K69: 3.8 | L69: 3.7 | M69: 2.1 | N69: =(L69*M69) -> 7.77
H70: 1 | I70: PIP 3 rechts (Hand) | J70: 4.7 | K70: 3.6 | L70: 3.5 | M70: 2.2 | N70: =(L70*M70) -> 7.7
H71: 1 | I71: LWK4/LWK5 links (Facettengelenk) | J71: 5.1 | K71: 4 | L71: 3.9 | M71: 2.1 | N71: =(L71*M71) -> 8.19
G72: 6 | H72: 1 | I72: Femur links (Sehne)/Insertionstendinopathie | J72: 5.2 | K72: 2.9 | L72: 2.3 | M72: 14 | N72: =(L72*M72) -> 32.2
A74: 14 | B74: Hemman, Christiane | C74: 21899 | D74: 43521 | E74: 52 | F74: Spondylarthropathie | H74: 1 | I74: Art. Talocruralis rechts | J74: 4.5 | K74: 2.7 | L74: 2.7 | M74: 1.9 | N74: =(L74*M74) -> 5.13 | P74: 0.9 | Q74: 1.1
H75: 1 | I75: Art. Subtalaris rechts | J75: 6 | K75: 4.9 | L75: 4.8 | M75: 3 | N75: =(L75*M75) -> 14.4
H76: 1 | I76: Art. Subtalaris links | J76: 6.2 | K76: 3.4 | L76: 3.3 | M76: 2.6 | N76: =(L76*M76) -> 8.58
H77: 1 | I77: MCP 2 rechts (Hand) | J77: 5.1 | K77: 2.6 | L77: 2.2 | M77: 5.6 | N77: =(L77*M77) -> 12.32
H78: 1 | I78: DIP 1 rechts (Hand) | J78: 5.1 | K78: 2.6 | L78: 2.9 | M78: 1.8 | N78: =(L78*M78) -> 5.22
H79: 1 | I79: Art. Radiocarpalis links | J79: 5.2 | K79: 2.7 | L79: 2.9 | M79: 2.3 | N79: =(L79*M79) -> 6.67
H80: 1 | I80: LWK4/LWK5 links (Facettengelenk) | J80: 5 | K80: 2.8 | L80: 3 | M80: 1.8 | N80: =(L80*M80) -> 5.4
H81: 1 | I81: Femur links (Sehne)/Insertionstendinopathie | J81: 5.5 | K81: 3.8 | L81: 2.9 | M81: 10.5 | N81: =(L81*M81) -> 30.45
G82: 9 | H82: 1 | I82: Femur rechts (Sehne)/Insertionstendinopathie | J82: 5.6 | K82: 3.3 | L82: 3.2 | M82: 11.1 | N82: =(L82*M82) -> 35.52
A84: 15 | B84: Rundel, Petra | C84: 23354 | D84: 43563 | E84: 55 | F84: Psoriasisarthritis | G84: 1 | H84: 1 | I84: Achillessehne rechts | J84: 8.6 | K84: 6.7 | L84: 5.1 | M84: 9.5 | N84: =(L84*M84) -> 48.45 | P84: 1.4 | Q84: 1.5
A86: 16 | B86: Pehlivan, Selda | C86: 26463 | D86: 43605 | E86: 46 | F86: Psoriasisarthritis | H86: 1 | I86: ISG rechts | J86: 2.9 | K86: 1.9 | L86: 1.5 | M86: 9.7 | N86: =(L86*M86) -> 14.55 | P86: 1.2 | Q86: 1.3
H87: 1 | I87: PIP 5 links (Hand) | J87: 4.4 | K87: 3.7 | L87: 3.6 | M87: 2.8 | N87: =(L87*M87) -> 10.08
H88: 1 | I88: DIP 5 links (Hand) | J88: 4.1 | K88: 3.7 | L88: 3.1 | M88: 2 | N88: =(L88*M88) -> 6.2
G89: 4 | H89: 1 | I89: HWK2/HWK3 links (Facettengelenk) | J89: 4.4 | K89: 2.6 | L89: 2.5 | M89: 2.6 | N89: =(L89*M89) -> 6.5
A91: 17 | B91: Göhler, Jutta | C91: 20147 | D91: 43619 | E91: 64 | F91: Psoriasisarthritis | H91: 1 | I91: PIP 4 rechts (Fuß) | J91: 5.7 | K91: 3.8 | L91: 3.7 | M91: 1.4 | N91: =(L91*M91) -> 5.18 | P91: 1.1 | Q91: 1.2
H92: 1 | I92: MTP 3 rechts | J92: 3.1 | K92: 1.7 | L92: 1.8 | M92: 1.8 | N92: =(L92*M92) -> 3.24
H93: 1 | I93: Os cuneiforme mediale links (Sehne) | J93: 4.1 | K93: 1.9 | L93: 2.4 | M93: 1.8 | N93: =(L93*M93) -> 4.32
H94: 1 | I94: PIP 2 links (Hand) | J94: 6 | K94: 4.2 | L94: 3.9 | M94: 3.5 | N94: =(L94*M94) -> 13.65
H95: 1 | I95: DIP 5 links (Hand) | J95: 6.2 | K95: 2.9 | L95: 3.8 | M95: 0.8 | N95: =(L95*M95) -> 3.04
H96: 1 | I96: PIP 5 rechts (Hand) | J96: 3.8 | K96: 2.3 | L96: 2.5 | M96: 1.8 | N96: =(L96*M96) -> 4.5
H97: 1 | I97: DIP 4 rechts (Hand) | J97: 5.6 | K97: 3.4 | L97: 3.6 | M97: 1.6 | N97: =(L97*M97) -> 5.76
H98: 1 | I98: PIP 3 rechts (Hand) | J98: 3.4 | K98: 2.3 | L98: 2.2 | M98: 2.9 | N98: =(L98*M98) -> 6.38
H99: 1 | I99: DIP 2 rechts (Hand) | J99: 3.8 | K99: 1.7 | L99: 2.4 | M99: 1.3 | N99: =(L99*M99) -> 3.12
H100: 1 | I100: Intracarpal rechts | J100: 4.3 | K100: 2.8 | L100: 2.3 | M100: 8.2 | N100: =(L100*M100) -> 18.86
H101: 1 | I101: AC-Gelenk links | J101: 5.7 | K101: 3.6 | L101: 3.3 | M101: 2.3 | N101: =(L101*M101) -> 7.59
H102: 1 | I102: Interspinös LWK2/LWK3 | J102: 3.2 | K102: 2.2 | L102: 1.7 | M102: 5.8 | N102: =(L102*M102) -> 9.86
H103: 1 | I103: LWK5/SWK1 rechts (Facettengelenk) | J103: 4.4 | K103: 3.1 | L103: 2.4 | M103: 6.5 | N103: =(L103*M103) -> 15.6
G104: 14 | H104: 1 | I104: LWK5/SWK1 rechts (Facettengelenk) | J104: 3.6 | K104: 2.4 | L104: 2.1 | M104: 3.6 | N104: =(L104*M104) -> 7.56
A106: 18 | B106: Wellein, Renate | C106: 22411 | D106: 43619 | E106: 58 | F106: Seronegative Spondylarthritis | G106: 1 | H106: 1 | I106: Carpometacarpal 1 und 2 rechts | J106: 5.1 | K106: 3.7 | L106: 2.7 | M106: 11.4 | N106: =(L106*M106) -> 30.78 | P106: 1 | Q106: 1
A108: 20 | B108: Seeger, Lemmy | C108: 32078 | D108: 43745 | E108: 31 | F108: Axiale Spondylarthropathie | H108: 1 | I108: Costotransversalgelenk 9 rechts | J108: 4.5 | K108: 3.5 | L108: 3 | M108: 9.9 | N108: =(L108*M108) -> 29.7 | P108: 0.6 | Q108: 0.9
H109: 1 | I109: BWK 11/BWK 12 links (Facettengelenk) | J109: 4.1 | K109: 3.3 | L109: 2.8 | M109: 6.1 | N109: =(L109*M109) -> 17.08
H110: 1 | I110: BWK 11/BWK 12 rechts (Facettengelenk) | J110: 4.5 | K110: 3.5 | L110: 3 | M110: 9 | N110: =(L110*M110) -> 27
H111: 1 | I111: Costotransveralgelenk BWK 12 rechts | J111: 4.5 | K111: 3.3 | L111: 3.7 | M111: 2.4 | N111: =(L111*M111) -> 8.88
G112: 5 | H112: 1 | I112: Tuber ischiadicum rechts (Sehne)/Insertionstendinopathie | J112: 2.8 | K112: 1.9 | L112: 1.6 | M112: 4.3 | N112: =(L112*M112) -> 6.88

Sheet Auswertung Lungenfibrose
B1: Name | C1: Geburtsdatum | D1: Datum 1. FAPI | E1: Number of affected lobes | F1: linker Oberlappen | G1: 1. FAPI SUVmax | H1: SUVpeak | I1: SUVmean | J1: MAV cm3 | K1: TL-FAP | L1: linker Unterlappen | M1: SUVmax | N1: SUVpeak | O1: SUVmean | P1: MAV cm3 | Q1: TL-FAP | R1: rechter Oberlappen | S1: SUVmax | T1: SUVpeak | U1: SUVmean | V1: MAV cm3 | W1: TL-FAP | X1: rechter Unterlappen | Y1: SUVmax | Z1: SUVpeak | AA1: SUVmean | AB1: MAV cm3 | AC1: TL-FAP | AD1: Mittellappen | AE1: SUVmax | AF1: SUVpeak | AG1: SUVmean | AH1: MAV cm3 | AI1: TL-FAP | AJ1: Background | AK1: linker Oberlappen | AL1: SUVmax | AM1: SUVpeak | AN1: SUVmean | AO1: MAV cm3 | AP1: TL-FAP
A2: 1 | B2: Stöltzel, Alexandra | C2: 26033 | D2: 43353 | E2: 2 | F2: 0 | G2: 0 | H2: 0 | I2: 0 | J2: 0 | K2: 0 | L2: 1 | M2: 4.4 | N2: 3.5 | O2: 2.5 | P2: 215.3 | Q2: =(O2*P2) -> 538.25 | R2: 0 | S2: 0 | T2: 0 | U2: 0 | V2: 0 | W2: 0 | X2: 1 | Y2: 4 | Z2: 3 | AA2: 2.1 | AB2: 165.3 | AC2: =(AA2*AB2) -> 347.13 | AD2: 0 | AE2: 0 | AF2: 0 | AG2: 0 | AH2: 0 | AI2: 0 | AL2: 0.6 | AM2: 0.5 | AN2: 0.4 | AO2: 0 | AP2: 0
A4: 2 | B4: Dittrich, Rosemarie | C4: 17236 | D4: 43689 | E4: 5 | F4: 1 | G4: 4.5 | H4: 3.8 | I4: 2.5 | J4: 88.2 | K4: =(I4*J4) -> 220.5 | L4: 1 | M4: 5.5 | N4: 4.5 | O4: 3 | P4: 179.1 | Q4: =(O4*P4) -> 537.3 | R4: 1 | S4: 3.6 | T4: 2.4 | U4: 1.8 | V4: 41 | W4: =(U4*V4) -> 73.8 | X4: 1 | Y4: 5.9 | Z4: 4.7 | AA4: 3.2 | AB4: 198.8 | AC4: =(AA4*AB4) -> 636.16 | AD4: 1 | AE4: 3.9 | AF4: 3.2 | AG4: 2.1 | AH4: 126.5 | AI4: =(AG4*AH4) -> 265.65 | AL4: 0.7 | AM4: 0.6 | AN4: 0.5 | AO4: 0 | AP4: 0
A6: 3 | B6: Prügner-Glaubitz, Michael | C6: 17637 | D6: 43675 | E6: 3 | F6: 1 | G6: 3.5 | H6: 2.9 | I6: 2 | J6: 192.3 | K6: =(I6*J6) -> 384.6 | L6: 1 | M6: 6.4 | N6: 5.2 | O6: 3.5 | P6: 212.1 | Q6: =(O6*P6) -> 742.35 | R6: 0 | S6: 0 | T6: 0 | U6: 0 | V6: 0 | W6: 0 | X6: 1 | Y6: 6.1 | Z6: 5.1 | AA6: 3.3 | AB6: 169 | AC6: =(AA6*AB6) -> 557.7 | AD6: 0 | AE6: 0 | AF6: 0 | AG6: 0 | AH6: 0 | AI6: 0 | AL6: 1 | AM6: 0.9 | AN6: 0.7 | AO6: 0 | AP6: 0
A8: 4 | B8: Hadi Issa, Intissar | C8: 24686 | D8: 43486 | E8: 2 | F8: 0 | G8: 0 | H8: 0 | I8: 0 | J8: 0 | K8: 0 | L8: 1 | M8: 4.6 | N8: 3.4 | O8: 2.4 | P8: 138.9 | Q8: =(O8*P8) -> 333.36 | R8: 0 | S8: 0 | T8: 0 | U8: 0 | V8: 0 | W8: 0 | X8: 1 | Y8: 4.6 | Z8: 3.6 | AA8: 2.5 | AB8: 155.3 | AC8: =(AA8*AB8) -> 388.25 | AD8: 0 | AE8: 0 | AF8: 0 | AG8: 0 | AH8: 0 | AI8: 0 | AL8: 0.9 | AM8: 0.7 | AN8: 0.6 | AO8: 0 | AP8: 0
A10: 5 | B10: Dotzler, Siegmund | C10: 22647 | D10: 43570 | E10: 5 | F10: 1 | G10: 3.6 | H10: 3.1 | I10: 1.9 | J10: 145.7 | K10: =(I10*J10) -> 276.83 | L10: 1 | M10: 3.9 | N10: 3.3 | O10: 2.1 | P10: 452.5 | Q10: =(O10*P10) -> 950.25 | R10: 1 | S10: 3.3 | T10: 2.6 | U10: 1.8 | V10: 80.3 | W10: =(U10*V10) -> 144.54 | X10: 1 | Y10: 3.9 | Z10: 3 | AA10: 2.1 | AB10: 309 | AC10: =(AA10*AB10) -> 648.9 | AD10: 1 | AE10: 3.2 | AF10: 2.8 | AG10: 1.7 | AH10: 112.4 | AI10: =(AG10*AH10) -> 191.08 | AL10: 0.9 | AM10: 0.8 | AN10: 0.8 | AO10: 0 | AP10: 0
A12: 6 | B12: Sitzmann, Brigitte | C12: 20975 | D12: 43556 | E12: 5 | F12: 1 | G12: 4.2 | H12: 2.7 | I12: 2.1 | J12: 64 | K12: =(I12*J12) -> 134.4 | L12: 1 | M12: 3.8 | N12: 2.7 | O12: 2 | P12: 143 | Q12: =(O12*P12) -> 286 | R12: 1 | S12: 3.6 | T12: 2.2 | U12: 1.8 | V12: 45.5 | W12: =(U12*V12) -> 81.9 | X12: 1 | Y12: 4.3 | Z12: 3 | AA12: 2.2 | AB12: 97.4 | AC12: =(AA12*AB12) -> 214.28 | AD12: 1 | AE12: 3.3 | AF12: 2.1 | AG12: 1.7 | AH12: 52.4 | AI12: =(AG12*AH12) -> 89.08 | AL12: 0.8 | AM12: 0.7 | AN12: 0.5 | AO12: 0 | AP12: 0
A14: 7 | B14: Bechmann, Stefan | C14: 24759 | D14: 43563 | E14: 2 | F14: 0 | G14: 0 | H14: 0 | I14: 0 | J14: 0 | K14: 0 | L14: 1 | M14: 5.1 | N14: 3 | O14: 2.5 | P14: 13 | Q14: =(O14*P14) -> 32.5 | R14: 0 | S14: 0 | T14: 0 | U14: 0 | V14: 0 | W14: 0 | X14: 1 | Y14: 4.9 | Z14: 2.6 | AA14: 2.5 | AB14: 9.8 | AC14: =(AA14*AB14) -> 24.5 | AD14: 0 | AE14: 0 | AF14: 0 | AG14: 0 | AH14: 0 | AI14: 0 | AL14: 0.8 | AM14: 0.7 | AN14: 0.5 | AO14: 0 | AP14: 0
A16: 8 | B16: Massing, Claudia | C16: 26532 | D16: 43500 | E16: 2 | F16: 0 | G16: 0 | H16: 0 | I16: 0 | J16: 0 | K16: 0 | L16: 1 | M16: 4.4 | N16: 3.7 | O16: 2.5 | P16: 283.2 | Q16: =(O16*P16) -> 708 | R16: 0 | S16: 0 | T16: 0 | U16: 0 | V16: 0 | W16: 0 | X16: 1 | Y16: 4.1 | Z16: 3.3 | AA16: 2.4 | AB16: 154.6 | AC16: =(AA16*AB16) -> 371.04 | AD16: 0 | AE16: 0 | AF16: 0 | AG16: 0 | AH16: 0 | AI16: 0 | AL16: 1.1 | AM16: 1 | AN16: 0.7 | AO16: 0 | AP16: 0
A18: 9 | B18: Hauck, Michael | C18: 27806 | D18: 43437 | E18: 5 | F18: 1 | G18: 4 | H18: 3.1 | I18: 2.2 | J18: 62.4 | K18: =(I18*J18) -> 137.28 | L18: 1 | M18: 4 | N18: 3.3 | O18: 2.3 | P18: 303.3 | Q18: =(O18*P18) -> 697.59 | R18: 1 | S18: 3.4 | T18: 2.7 | U18: 2.1 | V18: 9.8 | W18: =(U18*V18) -> 20.58 | X18: 1 | Y18: 4.4 | Z18: 3.5 | AA18: 2.4 | AB18: 132.5 | AC18: =(AA18*AB18) -> 318 | AD18: 1 | AE18: 2.8 | AF18: 2.3 | AG18: 1.8 | AH18: 21.2 | AI18: =(AG18*AH18) -> 38.16 | AL18: 1.1 | AM18: 0.9 | AN18: 0.7 | AO18: 0 | AP18: 0
A20: 10 | B20: Gärtner, Hannelore | C20: 17945 | D20: 43654 | E20: 2 | F20: 0 | G20: 0 | H20: 0 | I20: 0 | J20: 0 | K20: 0 | L20: 1 | M20: 3.9 | N20: 2.8 | O20: 2.1 | P20: 124.2 | Q20: =(O20*P20) -> 260.82 | R20: 0 | S20: 0 | T20: 0 | U20: 0 | V20: 0 | W20: 0 | X20: 1 | Y20: 4.1 | Z20: 3.1 | AA20: 2.2 | AB20: 133.9 | AC20: =(AA20*AB20) -> 294.58 | AD20: 0 | AE20: 0 | AF20: 0 | AG20: 0 | AH20: 0 | AI20: 0 | AL20: 0.7 | AM20: 0.5 | AN20: 0.4 | AO20: 0 | AP20: 0
A22: 11 | B22: Fuchs, Hans-Wolfgang | C22: 16505 | D22: 43696 | E22: 5 | F22: 1 | G22: 4.4 | H22: 3.2 | I22: 2.3 | J22: 281.1 | K22: =(I22*J22) -> 646.53 | L22: 1 | M22: 5.7 | N22: 3.7 | O22: 2.8 | P22: 223.9 | Q22: =(O22*P22) -> 626.92 | R22: 1 | S22: 4.6 | T22: 3.5 | U22: 2.3 | V22: 240.7 | W22: =(U22*V22) -> 553.61 | X22: 1 | Y22: 6.1 | Z22: 4.3 | AA22: 3 | AB22: 158.1 | AC22: =(AA22*AB22) -> 474.3 | AD22: 1 | AE22: 4.7 | AF22: 3.6 | AG22: 2.5 | AH22: 156.1 | AI22: =(AG22*AH22) -> 390.25 | AL22: 1 | AM22: 0.8 | AN22: 0.6 | AO22: 0 | AP22: 0
A24: 12 | B24: Amslinger, Claudia | C24: 23143 | D24: 43640 | E24: 2 | F24: 0 | G24: 0 | H24: 0 | I24: 0 | J24: 0 | K24: 0 | L24: 1 | M24: 3.9 | N24: 3.1 | O24: 2.1 | P24: 55.8 | Q24: =(O24*P24) -> 117.18 | R24: 0 | S24: 0 | T24: 0 | U24: 0 | V24: 0 | W24: 0 | X24: 1 | Y24: 4 | Z24: 3.2 | AA24: 2.2 | AB24: 110.3 | AC24: =(AA24*AB24) -> 242.66 | AD24: 0 | AE24: 0 | AF24: 0 | AG24: 0 | AH24: 0 | AI24: 0 | AL24: 0.5 | AM24: 0.4 | AN24: 0.4 | AO24: 0 | AP24: 0
A26: 13 | B26: Unkauf, Lieselotte | C26: 20056 | D26: 43682 | E26: 5 | F26: 1 | G26: 4.3 | H26: 3.5 | I26: 2.3 | J26: 30.7 | K26: =(I26*J26) -> 70.61 | L26: 1 | M26: 4.2 | N26: 3.3 | O26: 2.4 | P26: 139.3 | Q26: =(O26*P26) -> 334.32 | R26: 1 | S26: 4.8 | T26: 3.6 | U26: 2.7 | V26: 35.7 | W26: =(U26*V26) -> 96.39 | X26: 1 | Y26: 5.8 | Z26: 4.4 | AA26: 3.2 | AB26: 187 | AC26: =(AA26*AB26) -> 598.4 | AD26: 1 | AE26: 4.4 | AF26: 3.5 | AG26: 2.5 | AH26: 54 | AI26: =(AG26*AH26) -> 135 | AL26: 1 | AM26: 1 | AN26: 0.6 | AO26: 0 | AP26: 0
A28: 14 | B28: Weigelt, Petra | C28: 25657 | D28: 43738 | E28: 2 | F28: 0 | G28: 0 | H28: 0 | I28: 0 | J28: 0 | K28: 0 | L28: 1 | M28: 4 | N28: 3 | O28: 2.1 | P28: 61.2 | Q28: =(O28*P28) -> 128.52 | R28: 0 | S28: 0 | T28: 0 | U28: 0 | V28: 0 | W28: 0 | X28: 1 | Y28: 4 | Z28: 3.2 | AA28: 2.2 | AB28: 99.5 | AC28: =(AA28*AB28) -> 218.9 | AD28: 0 | AE28: 0 | AF28: 0 | AG28: 0 | AH28: 0 | AI28: 0 | AL28: 0.7 | AM28: 0.7 | AN28: 0.5 | AO28: 0 | AP28: 0
A30: 15 | B30: Zenkel, Elfriede | C30: 14829 | D30: 43717 | E30: 0 | F30: 0 | G30: 0 | H30: 0 | I30: 0 | J30: 0 | K30: 0 | L30: 0 | M30: 0 | N30: 0 | O30: 0 | P30: 0 | Q30: 0 | R30: 0 | S30: 0 | T30: 0 | U30: 0 | V30: 0 | W30: 0 | X30: 0 | Y30: 0 | Z30: 0 | AA30: 0 | AB30: 0 | AC30: 0 | AD30: 0 | AE30: 0 | AF30: 0 | AG30: 0 | AH30: 0 | AI30: 0 | AL30: 0.6 | AM30: 0.5 | AN30: 0.4 | AO30: 0 | AP30: 0
A32: 16 | B32: Arnold, Markus | C32: 27243 | D32: 43500 | E32: 3 | F32: 1 | G32: 9 | H32: 6.5 | I32: 4.6 | J32: 46 | K32: =(I32*J32) -> 211.6 | L32: 0 | M32: 0 | N32: 0 | O32: 0 | P32: 0 | Q32: 0 | R32: 1 | S32: 8.3 | T32: 6 | U32: 4.4 | V32: 35 | W32: =(U32*V32) -> 154 | X32: 1 | Y32: 3.2 | Z32: 2.5 | AA32: 1.8 | AB32: 21 | AC32: =(AA32*AB32) -> 37.8 | AD32: 0 | AE32: 0 | AF32: 0 | AG32: 0 | AH32: 0 | AI32: 0 | AL32: 0.7 | AM32: 0.5 | AN32: 0.4 | AO32: 0 | AP32: 0
A34: 17 | B34: Häckl, Werner | C34: 21317 | D34: 43500 | E34: 4 | F34: 1 | G34: 5 | H34: 3.7 | I34: 2.6 | J34: 61.2 | K34: =(I34*J34) -> 159.12 | L34: 1 | M34: 6.5 | N34: 4.2 | O34: 3.2 | P34: 84.3 | Q34: =(O34*P34) -> 269.76 | R34: 1 | S34: 3 | T34: 2.3 | U34: 2.8 | V34: 6.7 | W34: =(U34*V34) -> 18.76 | X34: 1 | Y34: 7.9 | Z34: 6.2 | AA34: 4.3 | AB34: 185.7 | AC34: =(AA34*AB34) -> 798.51 | AD34: 0 | AE34: 0 | AF34: 0 | AG34: 0 | AH34: 0 | AI34: 0 | AL34: 0.9 | AM34: 0.7 | AN34: 0.6 | AO34: 0 | AP34: 0
A36: 18 | B36: Morina, Sami | C36: 29587 | D36: 43507 | E36: 3 | F36: 1 | G36: 3 | H36: 2.2 | I36: 1.6 | J36: 13.3 | K36: =(I36*J36) -> 21.28 | L36: 1 | M36: 3.9 | N36: 3 | O36: 2.1 | P36: 110.2 | Q36: =(O36*P36) -> 231.42 | R36: 0 | S36: 0 | T36: 0 | U36: 0 | V36: 0 | W36: 0 | X36: 1 | Y36: 4 | Z36: 3.1 | AA36: 2.1 | AB36: 105.8 | AC36: =(AA36*AB36) -> 222.18 | AD36: 0 | AE36: 0 | AF36: 0 | AG36: 0 | AH36: 0 | AI36: 0 | AL36: 0.8 | AM36: 0.6 | AN36: 0.4 | AO36: 0 | AP36: 0
A38: 19 | B38: Hofmann, Martina | C38: 24558 | D38: 43675 | E38: 2 | F38: 0 | G38: 0 | H38: 0 | I38: 0 | J38: 0 | K38: 0 | L38: 1 | M38: 4.2 | N38: 3 | O38: 2.4 | P38: 8.3 | Q38: =(O38*P38) -> 19.92 | R38: 1 | S38: 4.1 | T38: 3.2 | U38: 2.4 | V38: 13.2 | W38: =(U38*V38) -> 31.68 | X38: 1 | Y38: 5.7 | Z38: 4 | AA38: 2.9 | AB38: 51.1 | AC38: =(AA38*AB38) -> 148.19 | AD38: 0 | AE38: 0 | AF38: 0 | AG38: 0 | AH38: 0 | AI38: 0 | AL38: 1.3 | AM38: 1.1 | AN38: 0.9 | AO38: 0 | AP38: 0
A40: 20 | B40: Schiller, Doris | C40: 23451 | D40: 43703 | E40: 2 | F40: 0 | G40: 0 | H40: 0 | I40: 0 | J40: 0 | K40: 0 | L40: 1 | M40: 2.8 | N40: 2.3 | O40: 1.8 | P40: 6 | Q40: =(O40*P40) -> 10.8 | R40: 0 | S40: 0 | T40: 0 | U40: 0 | V40: 0 | W40: 0 | X40: 1 | Y40: 2.7 | Z40: 2.2 | AA40: 1.6 | AB40: 18 | AC40: =(AA40*AB40) -> 28.8 | AD40: 0 | AE40: 0 | AF40: 0 | AG40: 0 | AH40: 0 | AI40: 0 | AL40: 1 | AM40: 0.9 | AN40: 0.7 | AO40: 0 | AP40: 0
A42: 21 | B42: Bader, Brigitte | C42: 23291 | D42: 43752 | E42: 2 | F42: 0 | G42: 0 | H42: 0 | I42: 0 | J42: 0 | K42: 0 | L42: 1 | M42: 3.9 | N42: 2.9 | O42: 2 | P42: 86.8 | Q42: =(O42*P42) -> 173.6 | R42: 0 | S42: 0 | T42: 0 | U42: 0 | V42: 0 | W42: 0 | X42: 1 | Y42: 4.7 | Z42: 3.4 | AA42: 2.4 | AB42: 158 | AC42: =(AA42*AB42) -> 379.2 | AD42: 0 | AE42: 0 | AF42: 0 | AG42: 0 | AH42: 0 | AI42: 0 | AL42: 0.9 | AM42: 0.7 | AN42: 0.5 | AO42: 0 | AP42: 0
